{
"type": "FeatureCollection",
"crs": { "type": "name", "properties": { "name": "urn:ogc:def:crs:OGC:1.3:CRS84" } },
"features": [
{ "type": "Feature", "properties": { "shapeName": "Saint Vincent and the Grenadines", "shapeISO": "VCT", "shapeID": "27863697B18121365135507", "shapeGroup": "VCT", "shapeType": "ADM0" }, "geometry": { "type": "MultiPolygon", "coordinates": [ [ [ [ -61.43842, 12.615454500000041 ], [ -61.438342799999972, 12.615571799999977 ], [ -61.438505799999959, 12.615697399999977 ], [ -61.43865179999996, 12.615672300000032 ], [ -61.438797700000038, 12.6155634 ], [ -61.438986500000027, 12.615513200000013 ], [ -61.43913240000002, 12.615421 ], [ -61.4393899, 12.6154378 ], [ -61.4396216, 12.6154378 ], [ -61.439844799999989, 12.61547130000001 ], [ -61.440033599999978, 12.6156053 ], [ -61.440291099999968, 12.615672300000032 ], [ -61.440514299999961, 12.6156891 ], [ -61.440703100000043, 12.615571799999977 ], [ -61.44094340000003, 12.615529899999974 ], [ -61.441149400000022, 12.615454500000041 ], [ -61.441166600000024, 12.6153038 ], [ -61.441192300000019, 12.6150525 ], [ -61.44120090000002, 12.61476769999997 ], [ -61.441226700000023, 12.614524800000034 ], [ -61.441346800000012, 12.614307099999962 ], [ -61.441484200000012, 12.613838 ], [ -61.4416215, 12.613293600000038 ], [ -61.441776, 12.6130172 ], [ -61.4418447, 12.612724 ], [ -61.4418447, 12.612497900000015 ], [ -61.4419305, 12.612280100000024 ], [ -61.442102099999978, 12.612112600000021 ], [ -61.44237679999997, 12.611961799999978 ], [ -61.442737299999955, 12.611811 ], [ -61.443217900000015, 12.6116519 ], [ -61.4437587, 12.611476 ], [ -61.444144899999976, 12.6113587 ], [ -61.444393799999965, 12.6113168 ], [ -61.444531199999965, 12.6114425 ], [ -61.444659899999955, 12.611576499999984 ], [ -61.444788600000038, 12.611626799999971 ], [ -61.444900200000035, 12.6115262 ], [ -61.445037600000035, 12.611551400000039 ], [ -61.445166300000025, 12.611677 ], [ -61.44532940000002, 12.611811 ], [ -61.4455697, 12.611844500000043 ], [ -61.4457585, 12.611811 ], [ -61.4458959, 12.6117356 ], [ -61.446024599999987, 12.6115681 ], [ -61.446119, 12.611392200000012 ], [ -61.446325, 12.611291699999956 ], [ -61.446634, 12.611275 ], [ -61.446934400000032, 12.611258200000027 ], [ -61.44718330000002, 12.611325199999975 ], [ -61.4476554, 12.61142570000003 ], [ -61.448118899999983, 12.611543 ], [ -61.44842789999997, 12.611685400000024 ], [ -61.448702500000046, 12.611718900000042 ], [ -61.449080200000033, 12.6116938 ], [ -61.449517900000011, 12.611727300000027 ], [ -61.4498097, 12.611844500000043 ], [ -61.4500415, 12.611844500000043 ], [ -61.450290399999979, 12.611886399999957 ], [ -61.450402, 12.611986900000012 ], [ -61.450402, 12.612129299999982 ], [ -61.450522099999965, 12.612187900000034 ], [ -61.450659499999965, 12.6121628 ], [ -61.45075389999996, 12.612296799999985 ], [ -61.450891200000036, 12.612347099999972 ], [ -61.451037100000029, 12.612229800000037 ], [ -61.451191600000023, 12.612146100000039 ], [ -61.451406200000015, 12.612112600000021 ], [ -61.4515607, 12.612129299999982 ], [ -61.451526400000013, 12.611970199999963 ], [ -61.451449100000012, 12.611769100000021 ], [ -61.451449100000012, 12.611677 ], [ -61.4515864, 12.611593200000033 ], [ -61.4518697, 12.611467600000033 ], [ -61.452118599999984, 12.611308500000014 ], [ -61.452376099999974, 12.611149299999987 ], [ -61.452616399999961, 12.6109315 ], [ -61.452891100000045, 12.610705400000029 ], [ -61.453045600000038, 12.610487600000038 ], [ -61.45325160000003, 12.610311699999961 ], [ -61.453406, 12.610236300000029 ], [ -61.453552, 12.610303299999977 ], [ -61.4536206, 12.610102299999955 ], [ -61.453423200000017, 12.6100353 ], [ -61.453268700000024, 12.609892900000037 ], [ -61.45311420000003, 12.609767300000037 ], [ -61.452959700000036, 12.60960810000001 ], [ -61.452822400000045, 12.609390400000027 ], [ -61.452779499999956, 12.609172600000036 ], [ -61.452779499999956, 12.608971600000014 ], [ -61.452702199999955, 12.608753800000024 ], [ -61.452728, 12.60847739999998 ], [ -61.452770899999955, 12.608217699999987 ], [ -61.452873900000043, 12.607941300000032 ], [ -61.453045600000038, 12.607681600000038 ], [ -61.453217200000026, 12.607497399999986 ], [ -61.453328800000023, 12.607371699999977 ], [ -61.453526200000013, 12.607288 ], [ -61.4537494, 12.607329799999974 ], [ -61.453921, 12.607371699999977 ], [ -61.4540584, 12.607547599999965 ], [ -61.454195699999985, 12.607681600000038 ], [ -61.454367399999981, 12.607723500000041 ], [ -61.454487499999971, 12.607664899999989 ], [ -61.45435879999998, 12.607547599999965 ], [ -61.454178499999983, 12.607388500000035 ], [ -61.454024, 12.607220900000023 ], [ -61.4538953, 12.60703669999997 ], [ -61.4537236, 12.60680210000001 ], [ -61.453577700000011, 12.60667650000001 ], [ -61.453294500000027, 12.60653410000004 ], [ -61.453097100000036, 12.606500600000022 ], [ -61.452925400000041, 12.606542500000025 ], [ -61.452650699999957, 12.606668100000025 ], [ -61.452461899999967, 12.606818899999979 ], [ -61.452204399999978, 12.60700320000004 ], [ -61.451998399999987, 12.607095300000022 ], [ -61.4516894, 12.607095300000022 ], [ -61.451328900000014, 12.607045100000043 ], [ -61.450934100000033, 12.6069362 ], [ -61.450711, 12.60680210000001 ], [ -61.450470599999967, 12.606643 ], [ -61.45023029999998, 12.606509 ], [ -61.4500415, 12.6063415 ], [ -61.4498698, 12.606123700000012 ], [ -61.4495522, 12.6060399 ], [ -61.449337700000022, 12.605964499999985 ], [ -61.449208900000023, 12.605855600000034 ], [ -61.449080200000033, 12.605679699999957 ], [ -61.448977200000037, 12.605587599999975 ], [ -61.448702500000046, 12.605587599999975 ], [ -61.448556599999961, 12.605646200000027 ], [ -61.448307699999972, 12.605646200000027 ], [ -61.4479215, 12.605713199999975 ], [ -61.4477069, 12.605763499999963 ], [ -61.4475524, 12.605512200000042 ], [ -61.447406500000014, 12.605177200000035 ], [ -61.447294900000017, 12.60475 ], [ -61.447191900000021, 12.604222299999986 ], [ -61.447177499999988, 12.604025 ], [ -61.447157600000025, 12.603753199999986 ], [ -61.447174700000019, 12.6032758 ], [ -61.447181599999972, 12.603110900000043 ], [ -61.447191900000021, 12.602865299999973 ], [ -61.447243400000019, 12.6023879 ], [ -61.447294199999959, 12.602074099999967 ], [ -61.447346400000015, 12.6017513 ], [ -61.447458, 12.601190100000011 ], [ -61.4475384, 12.600884799999974 ], [ -61.4476125, 12.600603699999986 ], [ -61.4477584, 12.600184899999974 ], [ -61.447807599999983, 12.6000693 ], [ -61.447947199999987, 12.599741 ], [ -61.448144599999978, 12.599372399999982 ], [ -61.448271800000022, 12.5991579 ], [ -61.44842789999997, 12.5988949 ], [ -61.448719699999955, 12.5985096 ], [ -61.449045800000029, 12.598208100000015 ], [ -61.449155799999978, 12.5981574 ], [ -61.449354800000016, 12.598065699999957 ], [ -61.4496295, 12.597856300000039 ], [ -61.4498698, 12.597688700000027 ], [ -61.45016159999998, 12.597479300000021 ], [ -61.450444899999972, 12.597253199999965 ], [ -61.450779599999954, 12.597027 ], [ -61.451131500000024, 12.596867799999963 ], [ -61.451276400000026, 12.596840899999957 ], [ -61.451492, 12.596800800000015 ], [ -61.4517495, 12.596800800000015 ], [ -61.452049899999984, 12.596859499999987 ], [ -61.452333199999977, 12.5968511 ], [ -61.452582099999965, 12.596817599999984 ], [ -61.45284810000004, 12.596759 ], [ -61.453097100000036, 12.5965998 ], [ -61.453311600000021, 12.59641550000002 ], [ -61.45356910000001, 12.596231199999959 ], [ -61.45370650000001, 12.5961223 ], [ -61.4538781, 12.5961223 ], [ -61.454024, 12.596181 ], [ -61.454212899999987, 12.596315 ], [ -61.454461799999976, 12.596457400000023 ], [ -61.454624799999962, 12.5964658 ], [ -61.45454759999997, 12.596373600000017 ], [ -61.454410299999978, 12.596222899999983 ], [ -61.454298699999981, 12.596063699999956 ], [ -61.454298699999981, 12.595887799999968 ], [ -61.454367399999981, 12.595695100000011 ], [ -61.45454759999997, 12.5955276 ], [ -61.454770799999963, 12.595418699999968 ], [ -61.455139800000026, 12.595343300000035 ], [ -61.455337200000017, 12.595376799999965 ], [ -61.455337200000017, 12.595477400000028 ], [ -61.455448800000013, 12.5955276 ], [ -61.4557063, 12.595502499999974 ], [ -61.455998099999988, 12.595368499999989 ], [ -61.45628139999998, 12.595200899999977 ], [ -61.456573199999966, 12.59497480000001 ], [ -61.456796399999959, 12.594748600000035 ], [ -61.456993800000042, 12.59469 ], [ -61.457113900000031, 12.594731799999977 ], [ -61.457259800000024, 12.594790500000038 ], [ -61.45743150000002, 12.5947235 ], [ -61.457448700000022, 12.594547600000013 ], [ -61.4577748, 12.594622900000026 ], [ -61.4580495, 12.594622900000026 ], [ -61.458332699999978, 12.594539200000028 ], [ -61.458573099999974, 12.59438 ], [ -61.458701799999965, 12.594229299999967 ], [ -61.458890599999954, 12.594220899999982 ], [ -61.459131, 12.594103599999958 ], [ -61.45935410000002, 12.593919299999985 ], [ -61.459482900000019, 12.593676399999961 ], [ -61.45954290000001, 12.59345859999997 ], [ -61.45968890000001, 12.593265900000013 ], [ -61.4599206, 12.5930649 ], [ -61.460195299999988, 12.592872200000034 ], [ -61.460366899999975, 12.592671200000012 ], [ -61.460572899999967, 12.5925037 ], [ -61.46071879999996, 12.592378 ], [ -61.460813199999954, 12.592118400000015 ], [ -61.460847599999958, 12.591858700000021 ], [ -61.460847599999958, 12.591590600000043 ], [ -61.460787499999959, 12.591247199999962 ], [ -61.460804699999962, 12.5909289 ], [ -61.460856199999959, 12.5906273 ], [ -61.460916200000042, 12.590258699999975 ], [ -61.460916200000042, 12.5899069 ], [ -61.460830399999956, 12.589672399999959 ], [ -61.460675899999963, 12.589446199999983 ], [ -61.460478499999972, 12.58927869999998 ], [ -61.460229599999984, 12.589127900000026 ], [ -61.4597918, 12.588993900000041 ], [ -61.459259700000025, 12.588859799999959 ], [ -61.458779, 12.5887593 ], [ -61.458384199999976, 12.588650400000041 ], [ -61.4579894, 12.5884996 ], [ -61.457543100000017, 12.5882818 ], [ -61.457182600000031, 12.588038899999983 ], [ -61.456839299999956, 12.587854600000011 ], [ -61.456178399999985, 12.5876033 ], [ -61.455569, 12.587360399999977 ], [ -61.454856599999957, 12.587159300000035 ], [ -61.4540927, 12.586941499999956 ], [ -61.4539941, 12.586919099999967 ], [ -61.453466100000014, 12.586799099999986 ], [ -61.45291680000004, 12.586631599999983 ], [ -61.452401799999969, 12.5864976 ], [ -61.452204399999978, 12.586380299999973 ], [ -61.451938299999988, 12.586271400000022 ], [ -61.4517323, 12.586221100000035 ], [ -61.451440500000011, 12.586187600000017 ], [ -61.451140100000025, 12.58621279999997 ], [ -61.450977, 12.586263 ], [ -61.450771, 12.58633 ], [ -61.450650899999964, 12.586355200000028 ], [ -61.450539299999967, 12.586296499999968 ], [ -61.450393399999975, 12.586170899999967 ], [ -61.450281799999978, 12.5860285 ], [ -61.4500501, 12.585827399999967 ], [ -61.4498097, 12.5855594 ], [ -61.449535100000013, 12.585308099999988 ], [ -61.449294800000025, 12.585157300000034 ], [ -61.448822700000044, 12.585014899999976 ], [ -61.448367799999971, 12.58493109999997 ], [ -61.4478271, 12.5848725 ], [ -61.447389300000012, 12.5848306 ], [ -61.447260600000021, 12.5847887 ], [ -61.447174700000019, 12.5846631 ], [ -61.447063200000031, 12.5847887 ], [ -61.446925800000031, 12.584906 ], [ -61.446719799999954, 12.5850065 ], [ -61.446445199999971, 12.585056799999979 ], [ -61.446222, 12.5850484 ], [ -61.4459474, 12.5849981 ], [ -61.4456899, 12.584855700000038 ], [ -61.445466700000011, 12.5846631 ], [ -61.445295, 12.584436900000025 ], [ -61.44526070000002, 12.584252599999964 ], [ -61.44526070000002, 12.584001300000043 ], [ -61.44532940000002, 12.583884 ], [ -61.445483900000013, 12.583884 ], [ -61.445346500000014, 12.5837667 ], [ -61.445226400000024, 12.583733199999976 ], [ -61.44499460000003, 12.583758400000018 ], [ -61.44480580000004, 12.583884 ], [ -61.444556899999959, 12.583884 ], [ -61.444350899999968, 12.583984499999985 ], [ -61.444350899999968, 12.584185600000016 ], [ -61.444402399999966, 12.584353100000019 ], [ -61.44463419999996, 12.584512299999957 ], [ -61.44472, 12.584671399999976 ], [ -61.44473710000004, 12.584939500000043 ], [ -61.444797200000039, 12.585249400000016 ], [ -61.444797200000039, 12.585492399999961 ], [ -61.444745700000041, 12.585718500000016 ], [ -61.444659899999955, 12.5859363 ], [ -61.444488199999959, 12.586162499999983 ], [ -61.444471099999966, 12.586338399999971 ], [ -61.444342299999967, 12.586438900000026 ], [ -61.444196399999974, 12.586506 ], [ -61.444084799999978, 12.586631599999983 ], [ -61.443990399999983, 12.586832700000013 ], [ -61.443793, 12.587016899999977 ], [ -61.4435355, 12.5871761 ], [ -61.443235100000017, 12.587276599999971 ], [ -61.442823100000034, 12.587368799999961 ], [ -61.442522699999962, 12.58740229999998 ], [ -61.442282399999975, 12.587553100000022 ], [ -61.44211929999998, 12.587703799999968 ], [ -61.442007699999984, 12.587938400000017 ], [ -61.4418103, 12.588231600000029 ], [ -61.4416387, 12.5883321 ], [ -61.4414498, 12.588533100000017 ], [ -61.441329700000018, 12.5887593 ], [ -61.441115100000026, 12.588985499999968 ], [ -61.440737400000039, 12.589203299999959 ], [ -61.440385499999962, 12.589337300000032 ], [ -61.440025, 12.589462900000033 ], [ -61.4396216, 12.58951320000002 ], [ -61.4393126, 12.5895635 ], [ -61.438377099999968, 12.5902504 ], [ -61.438274099999973, 12.59045140000002 ], [ -61.438076699999982, 12.590744600000033 ], [ -61.4378879, 12.59107960000004 ], [ -61.4377076, 12.591339300000033 ], [ -61.437424400000012, 12.591649300000014 ], [ -61.437124, 12.591959199999987 ], [ -61.436789200000035, 12.592260799999984 ], [ -61.436609, 12.592327800000021 ], [ -61.436488799999957, 12.592478499999967 ], [ -61.436334299999963, 12.59261259999996 ], [ -61.436076799999974, 12.592813599999982 ], [ -61.436008199999982, 12.592947599999967 ], [ -61.436051099999979, 12.593115199999978 ], [ -61.435870799999982, 12.593123500000043 ], [ -61.4355876, 12.593408299999982 ], [ -61.4355018, 12.593333 ], [ -61.43527, 12.593450199999985 ], [ -61.435021100000021, 12.593517200000022 ], [ -61.434789400000035, 12.593517200000022 ], [ -61.434531899999961, 12.59356750000001 ], [ -61.434240099999975, 12.593584299999979 ], [ -61.434042599999977, 12.593584299999979 ], [ -61.4338796, 12.593693200000018 ], [ -61.4336478, 12.5937015 ], [ -61.4333474, 12.593626099999973 ], [ -61.433167200000021, 12.593500499999973 ], [ -61.432935400000027, 12.593282699999982 ], [ -61.432712300000041, 12.593006300000027 ], [ -61.432549199999954, 12.592729799999976 ], [ -61.432506299999957, 12.592436699999972 ], [ -61.43245479999996, 12.5921686 ], [ -61.432480499999954, 12.591917299999984 ], [ -61.432540600000046, 12.5917414 ], [ -61.432780900000033, 12.5913561 ], [ -61.432883900000029, 12.591163399999957 ], [ -61.432986900000024, 12.590995900000042 ], [ -61.432986900000024, 12.590778099999962 ], [ -61.43289250000003, 12.590468199999989 ], [ -61.432729400000035, 12.590275500000033 ], [ -61.43238609999996, 12.590040899999984 ], [ -61.432085699999973, 12.589806400000032 ], [ -61.431819599999983, 12.589672399999959 ], [ -61.4316823, 12.589571799999984 ], [ -61.4315621, 12.589638900000029 ], [ -61.4314849, 12.589638900000029 ], [ -61.4316308, 12.5887174 ], [ -61.432008499999981, 12.589672399999959 ], [ -61.432265899999962, 12.5896556 ], [ -61.432652200000042, 12.589538299999965 ], [ -61.432798100000035, 12.58951320000002 ], [ -61.432815300000037, 12.589421100000038 ], [ -61.433124300000024, 12.589345700000017 ], [ -61.433459, 12.590191700000027 ], [ -61.434823700000031, 12.589705899999977 ], [ -61.435089800000021, 12.590484900000039 ], [ -61.434343099999971, 12.5907613 ], [ -61.434368799999966, 12.5908451 ], [ -61.435132700000018, 12.5906273 ], [ -61.435141300000019, 12.5907613 ], [ -61.43508120000002, 12.5910126 ], [ -61.43514990000002, 12.591029399999972 ], [ -61.435218500000012, 12.590861899999968 ], [ -61.435252900000016, 12.590560299999972 ], [ -61.4354932, 12.590434599999963 ], [ -61.4354245, 12.590325700000012 ], [ -61.435252900000016, 12.590384399999984 ], [ -61.435184200000016, 12.590200100000011 ], [ -61.435141300000019, 12.589957199999986 ], [ -61.435003900000019, 12.589772900000014 ], [ -61.43501250000002, 12.589613699999987 ], [ -61.435175600000015, 12.58951320000002 ], [ -61.435167, 12.5893959 ], [ -61.43433449999997, 12.589714299999962 ], [ -61.434274399999971, 12.589597 ], [ -61.434222899999973, 12.589613699999987 ], [ -61.43426579999997, 12.589731 ], [ -61.4335362, 12.589957199999986 ], [ -61.433210100000018, 12.589119500000042 ], [ -61.432094299999974, 12.589496499999971 ], [ -61.4316051, 12.588181300000041 ], [ -61.432171499999967, 12.587980300000019 ], [ -61.432600700000044, 12.588977099999983 ], [ -61.432677900000037, 12.588952 ], [ -61.432300299999966, 12.587938400000017 ], [ -61.43289250000003, 12.587729 ], [ -61.433235800000013, 12.588742600000032 ], [ -61.4333302, 12.588709 ], [ -61.432978300000023, 12.5876955 ], [ -61.4338109, 12.58740229999998 ], [ -61.434188599999977, 12.588441 ], [ -61.434248599999968, 12.588424199999977 ], [ -61.433888099999983, 12.587368799999961 ], [ -61.434823700000031, 12.587033700000035 ], [ -61.435192800000017, 12.58810590000002 ], [ -61.435252900000016, 12.5880724 ], [ -61.434901, 12.587016899999977 ], [ -61.435827899999985, 12.58669860000002 ], [ -61.436360099999966, 12.588407500000017 ], [ -61.436454499999961, 12.588374 ], [ -61.435905199999986, 12.58664840000004 ], [ -61.437269900000018, 12.586170899999967 ], [ -61.437252700000016, 12.5861122 ], [ -61.4357078, 12.586631599999983 ], [ -61.435579, 12.586296499999968 ], [ -61.4355533, 12.585634800000019 ], [ -61.4356992, 12.58540019999997 ], [ -61.435716299999989, 12.58524110000004 ], [ -61.4356734, 12.585065099999955 ], [ -61.4357078, 12.584855700000038 ], [ -61.435845099999987, 12.584587699999979 ], [ -61.436042499999978, 12.5841521 ], [ -61.436231299999967, 12.583699699999958 ], [ -61.4363, 12.58318029999997 ], [ -61.436308599999968, 12.582635800000038 ], [ -61.436282799999965, 12.5823594 ], [ -61.436403, 12.5822254 ], [ -61.436531700000046, 12.582108099999985 ], [ -61.4365054, 12.581908800000015 ], [ -61.436514400000036, 12.581687 ], [ -61.436753600000017, 12.581354299999965 ], [ -61.437112399999954, 12.5810391 ], [ -61.437241, 12.5809049 ], [ -61.437241, 12.580761899999978 ], [ -61.437498099999978, 12.580403 ], [ -61.4375908, 12.579947700000023 ], [ -61.4375938, 12.579760900000021 ], [ -61.4375188, 12.57951960000004 ], [ -61.43739, 12.579209699999979 ], [ -61.43721840000002, 12.578975100000019 ], [ -61.436943700000029, 12.5788159 ], [ -61.436651900000044, 12.578790799999958 ], [ -61.436428699999958, 12.5788997 ], [ -61.436102599999977, 12.579017 ], [ -61.435888, 12.579125899999973 ], [ -61.435716299999989, 12.5792851 ], [ -61.4355447, 12.579544699999985 ], [ -61.4354503, 12.579662 ], [ -61.4353129, 12.579762499999976 ], [ -61.435192800000017, 12.5798798 ], [ -61.435141300000019, 12.580039 ], [ -61.435184200000016, 12.580156299999963 ], [ -61.435288500000034, 12.5802629 ], [ -61.435429, 12.580277499999955 ], [ -61.4355576, 12.5803037 ], [ -61.4357131, 12.580429199999983 ], [ -61.43579979999997, 12.580627699999976 ], [ -61.435856599999966, 12.580972 ], [ -61.435879399999983, 12.581329 ], [ -61.4357507, 12.5817563 ], [ -61.435716299999989, 12.582007600000018 ], [ -61.435716299999989, 12.5823175 ], [ -61.435785, 12.5826107 ], [ -61.435896599999985, 12.582862 ], [ -61.435896599999985, 12.583088199999988 ], [ -61.435845099999987, 12.583347899999982 ], [ -61.4357335, 12.5836411 ], [ -61.4356734, 12.583817 ], [ -61.4356305, 12.584202299999976 ], [ -61.4355275, 12.5845374 ], [ -61.4354588, 12.584780300000016 ], [ -61.43540740000001, 12.5850484 ], [ -61.435419200000013, 12.585623399999964 ], [ -61.4354846, 12.5861541 ], [ -61.435295800000013, 12.586723799999973 ], [ -61.4314248, 12.588097500000035 ], [ -61.4314935, 12.5886253 ], [ -61.4313561, 12.589613699999987 ], [ -61.43121020000001, 12.589597 ], [ -61.431047200000023, 12.589546700000039 ], [ -61.430995700000025, 12.589379200000035 ], [ -61.430806800000028, 12.589303800000014 ], [ -61.430652300000034, 12.5893959 ], [ -61.430480699999961, 12.58953 ], [ -61.430412, 12.58974779999998 ], [ -61.430223199999972, 12.589839899999962 ], [ -61.430060099999977, 12.589932 ], [ -61.429888399999982, 12.590108 ], [ -61.429845499999985, 12.590300599999978 ], [ -61.4295794, 12.590526800000042 ], [ -61.429279, 12.5906357 ], [ -61.429064500000024, 12.590652400000042 ], [ -61.428815600000036, 12.5908451 ], [ -61.42864390000004, 12.591029399999972 ], [ -61.428420699999954, 12.591138300000011 ], [ -61.42826619999996, 12.5913561 ], [ -61.428077399999971, 12.5916158 ], [ -61.427845699999985, 12.591883799999966 ], [ -61.4275453, 12.592135099999975 ], [ -61.427244900000012, 12.592327800000021 ], [ -61.426918700000023, 12.5925037 ], [ -61.426661200000034, 12.59257910000003 ], [ -61.426378, 12.592604199999975 ], [ -61.426008899999978, 12.592604199999975 ], [ -61.42576, 12.592553899999988 ], [ -61.4255282, 12.592386399999985 ], [ -61.424858800000031, 12.592202100000012 ], [ -61.424506899999955, 12.59211 ], [ -61.424283699999961, 12.5919927 ], [ -61.424172099999964, 12.591883799999966 ], [ -61.424026199999972, 12.591808400000033 ], [ -61.423871699999978, 12.5917414 ], [ -61.4237, 12.59164090000003 ], [ -61.4233996, 12.591498499999972 ], [ -61.423056300000013, 12.591398 ], [ -61.422893200000019, 12.591305800000015 ], [ -61.422755900000027, 12.591222100000017 ], [ -61.422541300000034, 12.5911885 ], [ -61.422378299999963, 12.5912304 ], [ -61.422172299999971, 12.591163399999957 ], [ -61.422009199999977, 12.5911885 ], [ -61.421837499999981, 12.5912304 ], [ -61.4216058, 12.591196899999975 ], [ -61.4214341, 12.591113199999977 ], [ -61.421262500000012, 12.5910629 ], [ -61.421168, 12.591129900000027 ], [ -61.421090800000016, 12.591247199999962 ], [ -61.420944900000023, 12.591398 ], [ -61.420635900000036, 12.5915655 ], [ -61.420481400000043, 12.591808400000033 ], [ -61.420275399999959, 12.591975900000037 ], [ -61.419906299999973, 12.592202100000012 ], [ -61.419648799999983, 12.592311 ], [ -61.4194257, 12.592319400000036 ], [ -61.418962200000017, 12.59226909999996 ], [ -61.418739, 12.592235600000031 ], [ -61.418515900000038, 12.592235600000031 ], [ -61.418232599999961, 12.5921602 ], [ -61.418095299999969, 12.59211 ], [ -61.417752, 12.592101599999957 ], [ -61.4175117, 12.592043 ], [ -61.4173572, 12.592076500000012 ], [ -61.4171683, 12.592093199999972 ], [ -61.417013800000014, 12.5920346 ], [ -61.416799300000029, 12.592453400000021 ], [ -61.416550300000033, 12.592453400000021 ], [ -61.416421600000042, 12.592411500000019 ], [ -61.416292899999959, 12.592445 ], [ -61.416249899999954, 12.592562299999972 ], [ -61.416275699999957, 12.592646099999978 ], [ -61.416361500000043, 12.592688 ], [ -61.416395899999955, 12.5926293 ], [ -61.416507400000036, 12.592570699999957 ], [ -61.416799300000029, 12.59257910000003 ], [ -61.417056800000019, 12.59273819999996 ], [ -61.417202700000011, 12.5928471 ], [ -61.4171769, 12.59304820000003 ], [ -61.417039600000017, 12.593215700000034 ], [ -61.416979500000018, 12.593416699999967 ], [ -61.417022400000015, 12.5936178 ], [ -61.417151200000013, 12.593818800000019 ], [ -61.4172456, 12.593978 ], [ -61.4171855, 12.594539200000028 ], [ -61.417142600000012, 12.594815599999983 ], [ -61.4171168, 12.594958 ], [ -61.417065300000012, 12.595092 ], [ -61.417056800000019, 12.595267900000014 ], [ -61.417091100000015, 12.5954438 ], [ -61.41719410000001, 12.595594599999956 ], [ -61.4173486, 12.5955779 ], [ -61.4173829, 12.595695100000011 ], [ -61.4172885, 12.595762199999967 ], [ -61.4171769, 12.595854300000038 ], [ -61.4171769, 12.5959967 ], [ -61.4172713, 12.596072100000029 ], [ -61.4173142, 12.5962145 ], [ -61.4173743, 12.596387800000038 ], [ -61.417082600000022, 12.596763899999981 ], [ -61.417031, 12.596792500000038 ], [ -61.416928, 12.596792500000038 ], [ -61.416596599999956, 12.597138299999962 ], [ -61.416558900000034, 12.597169399999959 ], [ -61.416643199999989, 12.597315499999969 ], [ -61.416516, 12.597413399999986 ], [ -61.41641067180143, 12.597381404353055 ], [ -61.416241399999961, 12.597479300000021 ], [ -61.416198742668875, 12.597484879650896 ], [ -61.41613629999997, 12.597528800000031 ], [ -61.416054100000011, 12.597588199999972 ], [ -61.415975299999971, 12.5976636 ], [ -61.415640499999981, 12.597814400000036 ], [ -61.4154689, 12.59773060000003 ], [ -61.41504149999998, 12.597813100000018 ], [ -61.41479080000002, 12.597839499999981 ], [ -61.414584800000029, 12.597889799999969 ], [ -61.414490400000034, 12.597973499999966 ], [ -61.414353099999957, 12.598007 ], [ -61.41411279999997, 12.597973499999966 ], [ -61.413915299999971, 12.597923299999987 ], [ -61.413709399999988, 12.597797599999979 ], [ -61.4135549, 12.5976636 ], [ -61.4134261, 12.597613400000014 ], [ -61.4133317, 12.597613400000014 ], [ -61.4132373, 12.597479300000021 ], [ -61.4131171, 12.597462599999972 ], [ -61.412945500000021, 12.597579799999988 ], [ -61.412739500000029, 12.597722199999957 ], [ -61.412602100000029, 12.597755799999984 ], [ -61.412353200000041, 12.597881399999984 ], [ -61.412198699999955, 12.598065699999957 ], [ -61.412078599999965, 12.598317 ], [ -61.412009899999966, 12.598668800000031 ], [ -61.41197559999997, 12.598987099999988 ], [ -61.411967, 12.5990709 ], [ -61.41190689999997, 12.59942269999997 ], [ -61.411829699999977, 12.599472900000038 ], [ -61.4113919, 12.599606900000023 ], [ -61.4110486, 12.599724199999958 ], [ -61.410876900000012, 12.599808 ], [ -61.410859800000019, 12.59992519999998 ], [ -61.410842600000016, 12.600025799999955 ], [ -61.410739600000021, 12.600143 ], [ -61.409984299999969, 12.6004697 ], [ -61.409589499999989, 12.6006372 ], [ -61.4091603, 12.600704200000042 ], [ -61.408696800000023, 12.6006791 ], [ -61.408473700000037, 12.600670700000023 ], [ -61.408259100000045, 12.600721 ], [ -61.408087399999957, 12.600846600000011 ], [ -61.408010199999964, 12.601014200000023 ], [ -61.407898599999967, 12.601265500000032 ], [ -61.407950099999965, 12.601550299999971 ], [ -61.408035899999959, 12.6018769 ], [ -61.408259100000045, 12.6020863 ], [ -61.408516600000034, 12.6021282 ], [ -61.408825600000021, 12.602103099999969 ], [ -61.409083100000011, 12.602027700000036 ], [ -61.4092719, 12.601927199999981 ], [ -61.409555099999984, 12.601768 ], [ -61.409907099999977, 12.6015754 ], [ -61.4111602, 12.60097230000002 ], [ -61.411503499999988, 12.601047700000041 ], [ -61.411666599999982, 12.601131400000039 ], [ -61.41190689999997, 12.60133249999998 ], [ -61.412052799999962, 12.601608900000024 ], [ -61.412241600000044, 12.6019188 ], [ -61.412241600000044, 12.6020863 ], [ -61.412293100000042, 12.602270599999972 ], [ -61.412550600000031, 12.602605699999987 ], [ -61.412739500000029, 12.602890500000015 ], [ -61.412988400000017, 12.603058 ], [ -61.41313430000001, 12.603116599999982 ], [ -61.4132459, 12.603284099999986 ], [ -61.4133918, 12.603476800000031 ], [ -61.413709399999988, 12.603736500000025 ], [ -61.413941099999974, 12.603904 ], [ -61.414275799999956, 12.603987700000026 ], [ -61.414713600000027, 12.604113400000035 ], [ -61.414953900000015, 12.604289300000023 ], [ -61.41522, 12.604398199999974 ], [ -61.4154431, 12.6044317 ], [ -61.415614799999986, 12.604590800000011 ], [ -61.415829399999978, 12.604674600000017 ], [ -61.41596669999997, 12.604674600000017 ], [ -61.416207, 12.60484210000002 ], [ -61.416481700000041, 12.605034799999977 ], [ -61.416739200000031, 12.605118499999975 ], [ -61.416936600000021, 12.605126899999959 ], [ -61.417048200000018, 12.605009600000024 ], [ -61.417202700000011, 12.604817 ], [ -61.4174001, 12.604549 ], [ -61.417571699999989, 12.604306 ], [ -61.417803499999984, 12.604121800000019 ], [ -61.418043799999971, 12.604063099999959 ], [ -61.418344199999957, 12.60413849999998 ], [ -61.419133900000013, 12.604389799999989 ], [ -61.4193656, 12.604448400000042 ], [ -61.4195888, 12.604364699999955 ], [ -61.420052199999965, 12.604222299999986 ], [ -61.420567200000036, 12.604205500000017 ], [ -61.421262500000012, 12.604205500000017 ], [ -61.4213998, 12.604264199999989 ], [ -61.4216058, 12.604264199999989 ], [ -61.422000599999976, 12.604264199999989 ], [ -61.422335299999958, 12.604306 ], [ -61.422695800000028, 12.604331200000026 ], [ -61.4231593, 12.6043814 ], [ -61.4236228, 12.604465200000011 ], [ -61.424129199999967, 12.604666200000032 ], [ -61.424472500000043, 12.6049761 ], [ -61.424669900000033, 12.605227400000015 ], [ -61.424901700000028, 12.605462 ], [ -61.425039, 12.605604400000033 ], [ -61.425193500000013, 12.605805399999966 ], [ -61.4252965, 12.605880799999987 ], [ -61.4253737, 12.605696500000015 ], [ -61.4253737, 12.605462 ], [ -61.4253995, 12.605185500000012 ], [ -61.4255025, 12.604934300000011 ], [ -61.4256398, 12.604708100000035 ], [ -61.425871599999986, 12.604440099999977 ], [ -61.426266399999967, 12.604239 ], [ -61.426438, 12.604172 ], [ -61.426609700000036, 12.604163600000014 ], [ -61.426781400000031, 12.604096599999977 ], [ -61.426995900000016, 12.604012899999979 ], [ -61.4272706, 12.604012899999979 ], [ -61.4276139, 12.604021199999956 ], [ -61.428008699999971, 12.604021199999956 ], [ -61.428626700000038, 12.604054799999982 ], [ -61.429141700000017, 12.6040883 ], [ -61.4297597, 12.60413849999998 ], [ -61.430171699999974, 12.6042139 ], [ -61.430635199999955, 12.604306 ], [ -61.430927, 12.604440099999977 ], [ -61.4312016, 12.604657799999959 ], [ -61.4314677, 12.6048924 ], [ -61.4316995, 12.6050264 ], [ -61.431905499999985, 12.6050264 ], [ -61.432094299999974, 12.604917500000042 ], [ -61.432300299999966, 12.604775099999983 ], [ -61.43245479999996, 12.60475 ], [ -61.432738, 12.604800200000017 ], [ -61.433210100000018, 12.605001299999959 ], [ -61.4334075, 12.605135300000033 ], [ -61.433665, 12.605478700000024 ], [ -61.4338281, 12.605805399999966 ], [ -61.433965399999984, 12.605972899999969 ], [ -61.434034099999984, 12.606182299999976 ], [ -61.43413709999998, 12.606349799999979 ], [ -61.434291599999973, 12.606442 ], [ -61.434506099999957, 12.606509 ], [ -61.434755, 12.6066346 ], [ -61.435124100000017, 12.606902699999985 ], [ -61.4355275, 12.607220900000023 ], [ -61.4358108, 12.607480600000017 ], [ -61.435991, 12.607773800000029 ], [ -61.436111199999978, 12.607958 ], [ -61.436308599999968, 12.608142299999965 ], [ -61.436488799999957, 12.608368500000029 ], [ -61.436651900000044, 12.608644899999984 ], [ -61.436737700000037, 12.608929700000012 ], [ -61.436857900000035, 12.609214500000039 ], [ -61.436935100000028, 12.609532699999988 ], [ -61.437021, 12.609943200000025 ], [ -61.437021, 12.61020280000001 ], [ -61.437055300000026, 12.610412200000017 ], [ -61.437055300000026, 12.610613299999958 ], [ -61.436969500000032, 12.610881300000017 ], [ -61.436857900000035, 12.611124200000042 ], [ -61.43668620000004, 12.611325199999975 ], [ -61.436523199999961, 12.611559700000015 ], [ -61.436368699999967, 12.611677 ], [ -61.436368699999967, 12.611919899999975 ], [ -61.436385799999961, 12.612171199999985 ], [ -61.436317199999969, 12.612497900000015 ], [ -61.436334299999963, 12.612866400000041 ], [ -61.436317199999969, 12.6130172 ], [ -61.436222699999966, 12.6131428 ], [ -61.436179799999969, 12.613285199999964 ], [ -61.436214199999974, 12.613436 ], [ -61.436360099999966, 12.613544800000039 ], [ -61.436583200000044, 12.613628599999956 ], [ -61.436772100000042, 12.613796099999959 ], [ -61.43688360000003, 12.614080899999987 ], [ -61.437021, 12.614315400000027 ], [ -61.437287, 12.614558299999963 ], [ -61.437596, 12.6147594 ], [ -61.4377419, 12.614918500000012 ], [ -61.4377334, 12.615086 ], [ -61.437802, 12.615153 ], [ -61.4379394, 12.6151363 ], [ -61.438136799999981, 12.6150944 ], [ -61.438265499999972, 12.615119500000034 ], [ -61.438351299999965, 12.615287 ], [ -61.43842, 12.615454500000041 ] ] ], [ [ [ -61.388845799999963, 12.648978 ], [ -61.388734199999966, 12.649229300000016 ], [ -61.388665599999975, 12.6495308 ], [ -61.388639799999972, 12.649815500000024 ], [ -61.388639799999972, 12.650066700000025 ], [ -61.388674099999967, 12.650326400000019 ], [ -61.38869989999997, 12.650636199999983 ], [ -61.388665599999975, 12.650736700000039 ], [ -61.388691299999969, 12.650895799999969 ], [ -61.38876, 12.651021499999977 ], [ -61.388905899999962, 12.6510968 ], [ -61.389086100000036, 12.65111359999996 ], [ -61.389214900000034, 12.6509628 ], [ -61.389326500000031, 12.6507953 ], [ -61.389446600000021, 12.650493900000022 ], [ -61.38950670000002, 12.650242600000013 ], [ -61.389549600000016, 12.649983 ], [ -61.3897642, 12.649773600000021 ], [ -61.3901333, 12.649639600000036 ], [ -61.39061389999997, 12.649539099999981 ], [ -61.390888599999961, 12.6494889 ], [ -61.391068800000042, 12.649388400000035 ], [ -61.391223300000036, 12.649220900000032 ], [ -61.391146100000043, 12.649053400000028 ], [ -61.390983, 12.648885900000025 ], [ -61.390837099999963, 12.64875190000004 ], [ -61.390588199999975, 12.648701699999972 ], [ -61.390416499999979, 12.648701699999972 ], [ -61.390304899999983, 12.648760300000024 ], [ -61.3901848, 12.648793800000043 ], [ -61.3899359, 12.6487352 ], [ -61.389644, 12.648592800000021 ], [ -61.389549600000016, 12.6484337 ], [ -61.389481, 12.64823269999998 ], [ -61.389455200000022, 12.64796470000001 ], [ -61.389498100000019, 12.647679899999982 ], [ -61.389626900000017, 12.647261199999978 ], [ -61.3897985, 12.646917799999986 ], [ -61.3900131, 12.6466582 ], [ -61.390201899999987, 12.6464488 ], [ -61.390442299999982, 12.646256199999957 ], [ -61.390665399999968, 12.646130599999957 ], [ -61.390747199999986, 12.646105 ], [ -61.390752399999975, 12.646066199999957 ], [ -61.390922899999957, 12.64604680000004 ], [ -61.391180400000039, 12.64604680000004 ], [ -61.391463600000023, 12.646164099999975 ], [ -61.391686800000016, 12.6462813 ], [ -61.3920044, 12.646356700000013 ], [ -61.3922018, 12.646440500000018 ], [ -61.392382, 12.646608 ], [ -61.392630899999972, 12.646775500000025 ], [ -61.392811199999969, 12.646859200000023 ], [ -61.393111599999955, 12.646959699999989 ], [ -61.393309, 12.6470769 ], [ -61.393454900000023, 12.647277900000027 ], [ -61.393721, 12.6474622 ], [ -61.3938927, 12.647579400000016 ], [ -61.3940386, 12.6476297 ], [ -61.3941673, 12.6477134 ], [ -61.394304599999984, 12.6478056 ], [ -61.39447629999998, 12.647897699999973 ], [ -61.394648, 12.647914400000023 ], [ -61.394776699999966, 12.6477553 ], [ -61.39493979999996, 12.6475878 ], [ -61.395034199999955, 12.6474622 ], [ -61.39512, 12.647286300000012 ], [ -61.395145800000044, 12.6470016 ], [ -61.395197300000042, 12.646842499999973 ], [ -61.395240200000039, 12.646633099999967 ], [ -61.395240200000039, 12.646415299999976 ], [ -61.39518010000004, 12.6461557 ], [ -61.395197300000042, 12.645887700000021 ], [ -61.395231600000038, 12.645611399999986 ], [ -61.395343200000035, 12.645443899999982 ], [ -61.395377500000031, 12.645268 ], [ -61.395257400000041, 12.645067 ], [ -61.395231600000038, 12.644782200000034 ], [ -61.395231600000038, 12.644572900000036 ], [ -61.39512, 12.644447200000027 ], [ -61.39493979999996, 12.6442881 ], [ -61.394785299999967, 12.644263 ], [ -61.394656499999968, 12.644179199999968 ], [ -61.394562099999973, 12.644070400000025 ], [ -61.394562099999973, 12.643928 ], [ -61.394811, 12.643308300000029 ], [ -61.39493979999996, 12.6429398 ], [ -61.395214400000036, 12.64232 ], [ -61.395523400000023, 12.641691899999959 ], [ -61.395652200000022, 12.6414658 ], [ -61.395763800000019, 12.6414658 ], [ -61.395849600000012, 12.64140710000002 ], [ -61.395841, 12.641281500000019 ], [ -61.395780900000013, 12.641181 ], [ -61.395780900000013, 12.6410386 ], [ -61.395918300000012, 12.640820900000012 ], [ -61.3961586, 12.6405696 ], [ -61.396433199999983, 12.640259800000038 ], [ -61.396656399999976, 12.640016900000013 ], [ -61.396896699999964, 12.6398075 ], [ -61.397085599999961, 12.639573 ], [ -61.397411700000028, 12.639296600000012 ], [ -61.397669200000017, 12.639112399999959 ], [ -61.3978752, 12.639062099999972 ], [ -61.3980554, 12.639104 ], [ -61.3980984, 12.638978399999974 ], [ -61.3980984, 12.6387941 ], [ -61.3980211, 12.638660100000017 ], [ -61.3980554, 12.638576400000019 ], [ -61.3982271, 12.638383699999974 ], [ -61.398493199999983, 12.638266499999958 ], [ -61.398750699999972, 12.638191100000025 ], [ -61.399145500000046, 12.638191100000025 ], [ -61.399420100000029, 12.638224599999955 ], [ -61.399394400000034, 12.638132499999973 ], [ -61.399248500000041, 12.638023600000022 ], [ -61.399085399999954, 12.637923099999966 ], [ -61.398888, 12.6379064 ], [ -61.398699199999974, 12.637939900000024 ], [ -61.3982014, 12.637939900000024 ], [ -61.3980554, 12.63793150000004 ], [ -61.397892400000011, 12.6378226 ], [ -61.397703500000013, 12.63771369999996 ], [ -61.397506100000022, 12.637646700000012 ], [ -61.397325900000034, 12.63768020000003 ], [ -61.397154200000038, 12.637638400000036 ], [ -61.396948199999962, 12.637521100000011 ], [ -61.396776599999974, 12.637370299999969 ], [ -61.396676200000016, 12.637219 ], [ -61.396587699999976, 12.637085600000038 ], [ -61.396468, 12.636887900000023 ], [ -61.396390299999986, 12.636666800000025 ], [ -61.3963045, 12.636281600000039 ], [ -61.3962444, 12.635871200000011 ], [ -61.396200900000032, 12.635372799999985 ], [ -61.3962873, 12.6346903 ], [ -61.3963131, 12.634045400000023 ], [ -61.396450399999985, 12.633408900000028 ], [ -61.396596299999977, 12.632931499999962 ], [ -61.396836599999965, 12.632512700000039 ], [ -61.397059799999958, 12.632311700000017 ], [ -61.397368800000031, 12.632228 ], [ -61.397686400000019, 12.632228 ], [ -61.397840900000013, 12.632219600000035 ], [ -61.3979439, 12.632127499999964 ], [ -61.3979954, 12.63196 ], [ -61.3979181, 12.6318511 ], [ -61.3978494, 12.6317673 ], [ -61.397720700000015, 12.631616599999969 ], [ -61.397652, 12.6314742 ], [ -61.3975864, 12.631368400000039 ], [ -61.397625400000038, 12.631230199999973 ], [ -61.397684555363668, 12.631249437783072 ], [ -61.397763600000012, 12.6311308 ], [ -61.397780625805581, 12.631116261945603 ], [ -61.397770499999964, 12.631019599999956 ], [ -61.3978696, 12.6309954 ], [ -61.397893429745636, 12.631019940523032 ], [ -61.3979696, 12.63095490000002 ], [ -61.3982357, 12.630712 ], [ -61.398484599999982, 12.630511 ], [ -61.398707799999976, 12.6304189 ], [ -61.398973799999958, 12.6302849 ], [ -61.399136900000045, 12.63031 ], [ -61.399248500000041, 12.6302933 ], [ -61.399205600000045, 12.630167599999982 ], [ -61.399111199999957, 12.630092199999961 ], [ -61.399051099999959, 12.629941500000015 ], [ -61.398879399999963, 12.6298661 ], [ -61.398819299999964, 12.6297824 ], [ -61.398836499999966, 12.629589700000039 ], [ -61.398939499999962, 12.629330099999965 ], [ -61.399042499999958, 12.629120699999959 ], [ -61.399197, 12.629003400000023 ], [ -61.399377200000032, 12.628944799999971 ], [ -61.399480200000028, 12.628869400000038 ], [ -61.399514600000032, 12.62869359999997 ], [ -61.399480200000028, 12.628542800000016 ], [ -61.399377200000032, 12.628442299999961 ], [ -61.399197, 12.628442299999961 ], [ -61.399008199999962, 12.628484199999964 ], [ -61.398827899999965, 12.6285512 ], [ -61.398630499999975, 12.628626600000022 ], [ -61.398355799999983, 12.6287187 ], [ -61.398064, 12.628794100000025 ], [ -61.39788380000001, 12.628768899999983 ], [ -61.397772200000013, 12.628852699999989 ], [ -61.397634900000021, 12.628919700000026 ], [ -61.397394500000026, 12.629003400000023 ], [ -61.397051199999957, 12.629045300000026 ], [ -61.396707899999974, 12.629045300000026 ], [ -61.3963045, 12.629003400000023 ], [ -61.3960556, 12.6290621 ], [ -61.395798100000015, 12.6291458 ], [ -61.395532, 12.6291458 ], [ -61.395317400000032, 12.6291458 ], [ -61.395085700000045, 12.6291877 ], [ -61.394793899999968, 12.6291877 ], [ -61.394416199999981, 12.629179300000011 ], [ -61.394133, 12.629154199999977 ], [ -61.3939785, 12.629238 ], [ -61.3937553, 12.6293552 ], [ -61.393592200000015, 12.629539499999971 ], [ -61.393480700000026, 12.6297321 ], [ -61.393309, 12.6299499 ], [ -61.393214600000036, 12.630050399999966 ], [ -61.393214600000036, 12.6302011 ], [ -61.393214600000036, 12.630527800000031 ], [ -61.393223200000037, 12.630779 ], [ -61.393223200000037, 12.63098 ], [ -61.393231800000038, 12.631122400000024 ], [ -61.39330040000003, 12.631273199999978 ], [ -61.393472100000025, 12.631532799999963 ], [ -61.393540700000017, 12.63174219999997 ], [ -61.393540700000017, 12.631909699999973 ], [ -61.393437800000029, 12.6322782 ], [ -61.393274700000035, 12.6325295 ], [ -61.393163100000038, 12.632713699999972 ], [ -61.393103, 12.63298170000003 ], [ -61.393008599999959, 12.6333838 ], [ -61.393008599999959, 12.633651799999964 ], [ -61.392957099999961, 12.633953300000041 ], [ -61.392879899999969, 12.634171 ], [ -61.392759699999971, 12.6343553 ], [ -61.392536499999977, 12.634556300000018 ], [ -61.3922533, 12.634849400000022 ], [ -61.3920473, 12.635016900000025 ], [ -61.391815600000015, 12.635125799999976 ], [ -61.391652500000021, 12.635192800000013 ], [ -61.39164390000002, 12.635351900000032 ], [ -61.391609600000024, 12.63551109999997 ], [ -61.391506600000028, 12.6356618 ], [ -61.391377800000029, 12.635804199999974 ], [ -61.391206200000042, 12.6359214 ], [ -61.391086, 12.635980099999962 ], [ -61.391034500000046, 12.6361727 ], [ -61.39094869999996, 12.636415600000024 ], [ -61.390897199999962, 12.6365077 ], [ -61.390708299999964, 12.636717100000013 ], [ -61.390485199999979, 12.636901299999977 ], [ -61.3902363, 12.637010200000017 ], [ -61.3900131, 12.637043700000035 ], [ -61.3898586, 12.637043700000035 ], [ -61.389721300000012, 12.63706879999998 ], [ -61.389566800000019, 12.637119099999968 ], [ -61.389446600000021, 12.637236299999984 ], [ -61.389343600000025, 12.637395500000011 ], [ -61.389214900000034, 12.637512700000027 ], [ -61.388974599999962, 12.637646700000012 ], [ -61.388674099999967, 12.637789099999981 ], [ -61.388468199999984, 12.637872899999987 ], [ -61.3877729, 12.63805710000004 ], [ -61.387283700000033, 12.638140899999957 ], [ -61.387009, 12.638124099999988 ], [ -61.386648499999964, 12.638107400000028 ], [ -61.386313799999982, 12.63809059999997 ], [ -61.3860391, 12.63805710000004 ], [ -61.385713, 12.638023600000022 ], [ -61.385309600000028, 12.637973400000043 ], [ -61.385155100000034, 12.6379064 ], [ -61.384923299999954, 12.637847700000034 ], [ -61.38451139999998, 12.637881199999963 ], [ -61.384236699999988, 12.637839399999969 ], [ -61.3839878, 12.637797499999966 ], [ -61.3838075, 12.637797499999966 ], [ -61.383678800000013, 12.637965 ], [ -61.383558600000015, 12.6381576 ], [ -61.383404100000021, 12.638274900000031 ], [ -61.383318300000028, 12.638434 ], [ -61.38319810000003, 12.638551199999977 ], [ -61.383078, 12.638568 ], [ -61.382975, 12.638718699999981 ], [ -61.382854799999954, 12.638894599999968 ], [ -61.382777599999962, 12.639070499999956 ], [ -61.382640199999962, 12.639279899999963 ], [ -61.38250289999997, 12.6394306 ], [ -61.382382799999981, 12.639631600000019 ], [ -61.382322699999982, 12.639832600000041 ], [ -61.382228299999987, 12.6400253 ], [ -61.3820309, 12.6401928 ], [ -61.3819021, 12.6402765 ], [ -61.381945, 12.6403603 ], [ -61.382108099999989, 12.640393800000023 ], [ -61.382228299999987, 12.640502599999966 ], [ -61.382262599999983, 12.64063660000004 ], [ -61.382468599999974, 12.640812500000028 ], [ -61.382657399999964, 12.641005099999976 ], [ -61.382743199999958, 12.641239600000016 ], [ -61.38282909999996, 12.641449 ], [ -61.382846200000046, 12.641641599999971 ], [ -61.382983600000045, 12.641809099999975 ], [ -61.383120900000037, 12.641959900000018 ], [ -61.383206700000031, 12.642194399999969 ], [ -61.383232500000034, 12.642370299999957 ], [ -61.383206700000031, 12.642638300000016 ], [ -61.383172400000035, 12.642881100000032 ], [ -61.383120900000037, 12.643031899999986 ], [ -61.383172400000035, 12.643132400000042 ], [ -61.383309700000027, 12.643274800000011 ], [ -61.383421300000023, 12.643459 ], [ -61.383481400000022, 12.6435762 ], [ -61.383567200000016, 12.643442300000014 ], [ -61.383696, 12.643308300000029 ], [ -61.3838247, 12.643325 ], [ -61.3840221, 12.643442300000014 ], [ -61.384107200000017, 12.643504600000018 ], [ -61.384331099999983, 12.643668399999981 ], [ -61.384657299999972, 12.643894500000037 ], [ -61.385120800000038, 12.644137399999973 ], [ -61.385584200000011, 12.644455600000011 ], [ -61.385919, 12.644732 ], [ -61.386382499999982, 12.645234499999976 ], [ -61.386854499999956, 12.64576210000002 ], [ -61.387154900000034, 12.646139 ], [ -61.387207699999962, 12.646242 ], [ -61.387266500000031, 12.646356700000013 ], [ -61.387386700000029, 12.646482300000013 ], [ -61.387618400000015, 12.646557700000034 ], [ -61.3880304, 12.646758699999967 ], [ -61.3882622, 12.646876 ], [ -61.388511099999981, 12.6470769 ], [ -61.3885961, 12.647222 ], [ -61.388648399999973, 12.647311399999957 ], [ -61.388827, 12.6475061 ], [ -61.389043200000039, 12.647772099999973 ], [ -61.389146200000035, 12.6479731 ], [ -61.389197700000032, 12.648148899999974 ], [ -61.389197700000032, 12.648282899999959 ], [ -61.389129, 12.648400199999983 ], [ -61.389008899999958, 12.648584400000036 ], [ -61.388905899999962, 12.648785399999969 ], [ -61.388845799999963, 12.648978 ] ] ], [ [ [ -61.330676699999977, 12.738976899999972 ], [ -61.330865599999974, 12.739094099999988 ], [ -61.331080099999959, 12.73918619999997 ], [ -61.331269, 12.739069 ], [ -61.331372, 12.7389267 ], [ -61.331500700000035, 12.738817800000042 ], [ -61.33159510000003, 12.738842899999987 ], [ -61.331766800000025, 12.738842899999987 ], [ -61.331895500000016, 12.738742500000029 ], [ -61.332075800000013, 12.738533200000031 ], [ -61.3321616, 12.73831549999996 ], [ -61.3322474, 12.738114600000035 ], [ -61.3325221, 12.737863400000034 ], [ -61.332745299999985, 12.737578800000023 ], [ -61.332882599999976, 12.7374616 ], [ -61.332942699999975, 12.737193699999956 ], [ -61.333045699999971, 12.73691740000001 ], [ -61.33308, 12.736624400000014 ], [ -61.333097199999969, 12.736264399999982 ], [ -61.333054299999972, 12.735954600000017 ], [ -61.333019899999968, 12.7356281 ], [ -61.333002799999974, 12.735368600000026 ], [ -61.332882599999976, 12.735142599999978 ], [ -61.333011299999967, 12.7350086 ], [ -61.333114299999963, 12.734791 ], [ -61.33310579999997, 12.734523099999969 ], [ -61.333114299999963, 12.73418819999997 ], [ -61.333114299999963, 12.734004 ], [ -61.333234499999961, 12.7337528 ], [ -61.333320299999954, 12.7334682 ], [ -61.333371800000037, 12.733200300000032 ], [ -61.333552100000034, 12.732974199999976 ], [ -61.333749500000025, 12.732865400000033 ], [ -61.333766700000027, 12.732647699999962 ], [ -61.333680800000025, 12.732513799999985 ], [ -61.333543500000033, 12.732388199999985 ], [ -61.333474800000033, 12.732187299999971 ], [ -61.333595, 12.732111900000039 ], [ -61.333715200000029, 12.731978 ], [ -61.333723700000021, 12.731710100000011 ], [ -61.333663700000031, 12.731551 ], [ -61.333466200000032, 12.731551 ], [ -61.333286, 12.731551 ], [ -61.33308, 12.7314673 ], [ -61.332925499999973, 12.731291500000015 ], [ -61.332822499999978, 12.731057 ], [ -61.332788199999982, 12.7307975 ], [ -61.332848299999981, 12.730538 ], [ -61.333045699999971, 12.7302952 ], [ -61.333234499999961, 12.730102599999967 ], [ -61.333440500000037, 12.730018899999969 ], [ -61.333698, 12.729951900000021 ], [ -61.333981200000011, 12.729893299999969 ], [ -61.3341529, 12.729767699999968 ], [ -61.3341872, 12.729617 ], [ -61.3341014, 12.729399399999959 ], [ -61.33411, 12.729198400000026 ], [ -61.3342216, 12.728997500000013 ], [ -61.3342216, 12.728863600000036 ], [ -61.3341443, 12.728729599999962 ], [ -61.333981200000011, 12.728604 ], [ -61.333749500000025, 12.728528700000037 ], [ -61.333466200000032, 12.728386299999979 ], [ -61.333191599999964, 12.7283361 ], [ -61.332942699999975, 12.728285900000021 ], [ -61.332805299999976, 12.728193800000039 ], [ -61.332685199999986, 12.728068200000038 ], [ -61.332685199999986, 12.72789239999997 ], [ -61.332994199999973, 12.72789239999997 ], [ -61.332985599999972, 12.727766799999969 ], [ -61.332633699999988, 12.727766799999969 ], [ -61.3325479, 12.727574200000021 ], [ -61.3325479, 12.727281200000025 ], [ -61.332633699999988, 12.727021699999959 ], [ -61.332728099999983, 12.726812399999961 ], [ -61.332908299999971, 12.726611400000028 ], [ -61.333131499999965, 12.72652770000003 ], [ -61.333328899999955, 12.726485900000036 ], [ -61.333534900000032, 12.72652770000003 ], [ -61.33378380000002, 12.72652770000003 ], [ -61.333989800000012, 12.726435599999959 ], [ -61.3341615, 12.726360300000035 ], [ -61.3342731, 12.726226299999961 ], [ -61.3341872, 12.726058899999966 ], [ -61.3340756, 12.725891399999963 ], [ -61.33397260000001, 12.725690500000038 ], [ -61.333895400000017, 12.7258747 ], [ -61.33378380000002, 12.725966799999984 ], [ -61.333612200000033, 12.7260421 ], [ -61.333449100000038, 12.726008599999979 ], [ -61.333217299999959, 12.726008599999979 ], [ -61.332959799999969, 12.725966799999984 ], [ -61.332805299999976, 12.725891399999963 ], [ -61.332642299999989, 12.725765799999962 ], [ -61.3324449, 12.725648600000035 ], [ -61.3322389, 12.725564900000037 ], [ -61.331912700000018, 12.725506299999985 ], [ -61.331698100000025, 12.7253724 ], [ -61.331552200000033, 12.725179799999971 ], [ -61.331466400000039, 12.7249203 ], [ -61.331363400000043, 12.7246272 ], [ -61.331063, 12.724158400000015 ], [ -61.331037199999962, 12.723990900000011 ], [ -61.330977199999971, 12.723890499999964 ], [ -61.330814099999976, 12.723781600000013 ], [ -61.330625199999979, 12.723723 ], [ -61.3304708, 12.7235807 ], [ -61.3302047, 12.723396500000035 ], [ -61.32993, 12.72322910000004 ], [ -61.329681100000023, 12.7230365 ], [ -61.329509400000028, 12.722768600000041 ], [ -61.329389300000038, 12.722442100000027 ], [ -61.329329199999954, 12.72207370000001 ], [ -61.329217599999957, 12.7219062 ], [ -61.329131799999963, 12.721730400000027 ], [ -61.328951499999967, 12.721546199999974 ], [ -61.32878849999998, 12.721362 ], [ -61.328685499999985, 12.72121969999996 ], [ -61.328642599999988, 12.7209936 ], [ -61.328599599999983, 12.720650400000018 ], [ -61.328582499999989, 12.720349 ], [ -61.328694099999986, 12.7200308 ], [ -61.32878849999998, 12.719796399999968 ], [ -61.32884, 12.719520100000022 ], [ -61.328814199999975, 12.719126599999971 ], [ -61.328822799999976, 12.7188587 ], [ -61.32890859999997, 12.718674499999956 ], [ -61.32890859999997, 12.718431700000028 ], [ -61.328943, 12.718264200000025 ], [ -61.329080299999966, 12.718180500000027 ], [ -61.329131799999963, 12.718054900000027 ], [ -61.329028799999968, 12.717879099999958 ], [ -61.328865699999973, 12.7177368 ], [ -61.328771299999978, 12.717586 ], [ -61.32884, 12.717427 ], [ -61.328857099999972, 12.717175800000032 ], [ -61.328805599999974, 12.717 ], [ -61.32878849999998, 12.716782299999981 ], [ -61.328968699999969, 12.716380400000034 ], [ -61.329080299999966, 12.716146 ], [ -61.329080299999966, 12.715919900000035 ], [ -61.329020199999967, 12.7157273 ], [ -61.328994499999972, 12.715509700000023 ], [ -61.328848599999979, 12.715375700000038 ], [ -61.328745599999984, 12.715216600000019 ], [ -61.328737, 12.715007300000021 ], [ -61.328668299999983, 12.714739399999971 ], [ -61.3285224, 12.714354199999985 ], [ -61.328531, 12.7141031 ], [ -61.3285396, 12.713818399999973 ], [ -61.328496599999987, 12.7136007 ], [ -61.3284194, 12.713357899999973 ], [ -61.3283164, 12.7130481 ], [ -61.3281962, 12.712830400000026 ], [ -61.328016, 12.712612699999955 ], [ -61.327878700000021, 12.712462 ], [ -61.327664100000028, 12.712403399999957 ], [ -61.327406600000039, 12.71241180000003 ], [ -61.327192, 12.712487100000043 ], [ -61.326900199999969, 12.7125123 ], [ -61.326565499999987, 12.712520599999973 ], [ -61.3263509, 12.712462 ], [ -61.326205, 12.712361599999962 ], [ -61.3260333, 12.712118700000026 ], [ -61.325844500000017, 12.711783800000028 ], [ -61.325707100000017, 12.7114238 ], [ -61.325638500000025, 12.711072200000036 ], [ -61.325604200000029, 12.710695400000034 ], [ -61.325569800000025, 12.710301899999983 ], [ -61.325526900000028, 12.709732500000033 ], [ -61.325578400000026, 12.709389199999961 ], [ -61.325707100000017, 12.709230200000039 ], [ -61.325750100000022, 12.709054299999963 ], [ -61.325793, 12.708803099999962 ], [ -61.32586160000001, 12.708526800000016 ], [ -61.32586160000001, 12.7083259 ], [ -61.325793, 12.708108200000019 ], [ -61.325793, 12.707848600000034 ], [ -61.325896, 12.707630899999963 ], [ -61.3260934, 12.707287699999988 ], [ -61.3261535, 12.707128599999969 ], [ -61.3261535, 12.706919299999971 ], [ -61.3260934, 12.706676400000035 ], [ -61.3262393, 12.706475500000021 ], [ -61.326376599999989, 12.706241099999989 ], [ -61.326574, 12.7060234 ], [ -61.326831499999969, 12.705755400000037 ], [ -61.327071899999964, 12.7054791 ], [ -61.327269299999955, 12.705286499999964 ], [ -61.327466700000038, 12.7050186 ], [ -61.327578300000035, 12.70480090000002 ], [ -61.327707, 12.704583200000037 ], [ -61.327913, 12.704315299999987 ], [ -61.3280503, 12.704164600000041 ], [ -61.3282649, 12.704047400000025 ], [ -61.328496599999987, 12.704030599999967 ], [ -61.32871979999998, 12.704030599999967 ], [ -61.32890859999997, 12.7039301 ], [ -61.329080299999966, 12.703829700000043 ], [ -61.329191899999962, 12.7036455 ], [ -61.329440800000036, 12.703461200000017 ], [ -61.329766900000017, 12.7032184 ], [ -61.3302819, 12.702992400000042 ], [ -61.330796899999974, 12.702724399999983 ], [ -61.331432100000043, 12.702448100000037 ], [ -61.332024300000015, 12.702222 ], [ -61.3323934, 12.70207970000002 ], [ -61.332805299999976, 12.701912200000017 ], [ -61.333208799999966, 12.701887099999983 ], [ -61.333706600000028, 12.701820100000035 ], [ -61.334067100000013, 12.7018369 ], [ -61.3344962, 12.701912200000017 ], [ -61.334916799999974, 12.702021099999968 ], [ -61.335251499999956, 12.702113200000039 ], [ -61.335466100000041, 12.702230399999966 ], [ -61.335483300000043, 12.702397899999969 ], [ -61.335509, 12.70264909999997 ], [ -61.335603400000032, 12.703059299999982 ], [ -61.33572360000003, 12.703486399999971 ], [ -61.335775100000028, 12.703955300000043 ], [ -61.335869500000022, 12.704248300000039 ], [ -61.335886700000025, 12.7044325 ], [ -61.335946700000015, 12.7045162 ], [ -61.336092700000016, 12.7045162 ], [ -61.3362901, 12.704541400000043 ], [ -61.3364102, 12.704616699999967 ], [ -61.336624799999989, 12.704817699999989 ], [ -61.336856599999983, 12.705001900000042 ], [ -61.337002499999976, 12.705052100000021 ], [ -61.337088299999969, 12.7050186 ], [ -61.337114, 12.704909799999971 ], [ -61.337114, 12.704733899999983 ], [ -61.337088299999969, 12.704424100000018 ], [ -61.337002499999976, 12.70394689999997 ], [ -61.33689949999998, 12.703494700000036 ], [ -61.336942399999977, 12.703285400000038 ], [ -61.337088299999969, 12.703126300000019 ], [ -61.337208499999967, 12.702950500000039 ], [ -61.33732, 12.702741200000041 ], [ -61.337397299999957, 12.702439699999964 ], [ -61.33735439999996, 12.702205300000021 ], [ -61.337423, 12.70207970000002 ], [ -61.33757750000003, 12.702021099999968 ], [ -61.337757800000027, 12.702054599999986 ], [ -61.337843600000021, 12.70193739999997 ], [ -61.337843600000021, 12.701820100000035 ], [ -61.337938, 12.701769899999967 ], [ -61.338144, 12.701769899999967 ], [ -61.3382728, 12.701652700000039 ], [ -61.3383586, 12.701485200000036 ], [ -61.3384444, 12.701242400000019 ], [ -61.3385131, 12.7010833 ], [ -61.338590299999986, 12.700941 ], [ -61.338744799999979, 12.700773500000036 ], [ -61.338796299999977, 12.700606 ], [ -61.339045199999966, 12.7004135 ], [ -61.339431500000046, 12.700179 ], [ -61.339766200000028, 12.700061800000036 ], [ -61.340066600000014, 12.699877599999983 ], [ -61.3405644, 12.699626399999982 ], [ -61.341053699999975, 12.699475700000036 ], [ -61.341491400000038, 12.699308200000033 ], [ -61.341680200000027, 12.699308200000033 ], [ -61.3465383, 12.7022137 ], [ -61.351913, 12.705416299999957 ], [ -61.352428, 12.704610399999979 ], [ -61.352615600000043, 12.704714200000041 ], [ -61.352937400000023, 12.704876399999961 ], [ -61.3532861, 12.704975800000014 ], [ -61.3535382, 12.704975800000014 ], [ -61.353779599999982, 12.705007200000036 ], [ -61.354047799999968, 12.70495809999997 ], [ -61.354168600000015, 12.704675300000019 ], [ -61.3543918, 12.704507900000024 ], [ -61.3545291, 12.704273399999984 ], [ -61.3545119, 12.704030599999967 ], [ -61.3544347, 12.703838 ], [ -61.3543832, 12.703486399999971 ], [ -61.3543832, 12.703168200000022 ], [ -61.3543746, 12.7027579 ], [ -61.3544433, 12.702565299999964 ], [ -61.3545119, 12.702406300000042 ], [ -61.3544776, 12.7020881 ], [ -61.354366, 12.701845299999988 ], [ -61.354237300000015, 12.701610800000037 ], [ -61.354048400000018, 12.701409900000023 ], [ -61.353825300000032, 12.701368 ], [ -61.353602100000039, 12.701317800000041 ], [ -61.353276, 12.7012508 ], [ -61.352898299999985, 12.7012508 ], [ -61.3524863, 12.7012926 ], [ -61.352125800000017, 12.7012926 ], [ -61.351705300000042, 12.701275900000038 ], [ -61.351267499999963, 12.70122569999997 ], [ -61.350838399999986, 12.701116800000019 ], [ -61.3504178, 12.7009996 ], [ -61.349928600000027, 12.7008321 ], [ -61.349482199999954, 12.70065630000002 ], [ -61.348958699999983, 12.7004553 ], [ -61.3485639, 12.700271100000034 ], [ -61.348297800000012, 12.700137199999968 ], [ -61.348066, 12.6999111 ], [ -61.347868600000027, 12.699685 ], [ -61.34763690000004, 12.699442200000018 ], [ -61.347448099999959, 12.699182600000032 ], [ -61.347293599999965, 12.6989482 ], [ -61.347182, 12.698688600000015 ], [ -61.347070399999971, 12.698521100000011 ], [ -61.34686439999998, 12.698328599999982 ], [ -61.3466928, 12.698144400000018 ], [ -61.3465125, 12.69782619999998 ], [ -61.3463923, 12.697549900000034 ], [ -61.346186400000015, 12.697214900000027 ], [ -61.346014700000019, 12.696863299999979 ], [ -61.34588590000002, 12.696653899999973 ], [ -61.345782900000025, 12.696402699999972 ], [ -61.345705700000032, 12.6961013 ], [ -61.345611300000037, 12.695799900000011 ], [ -61.345534, 12.695607299999974 ], [ -61.345233599999965, 12.695372800000023 ], [ -61.344933199999979, 12.695222099999988 ], [ -61.344770099999984, 12.695063 ], [ -61.3446929, 12.694895599999974 ], [ -61.3446242, 12.6946695 ], [ -61.3446414, 12.6944601 ], [ -61.3445985, 12.694259199999987 ], [ -61.3445985, 12.69403310000002 ], [ -61.3445212, 12.693865600000017 ], [ -61.3443667, 12.693681399999964 ], [ -61.344246600000012, 12.693396700000033 ], [ -61.344066300000016, 12.693170699999985 ], [ -61.343946200000026, 12.693045099999985 ], [ -61.343740200000035, 12.692944600000018 ], [ -61.343474100000044, 12.6928692 ], [ -61.343250899999958, 12.692793899999984 ], [ -61.342967699999974, 12.692710099999978 ], [ -61.342736, 12.692592899999962 ], [ -61.34253, 12.692458899999977 ], [ -61.3421351, 12.6923668 ], [ -61.341791800000024, 12.692325 ], [ -61.341671700000035, 12.692391900000029 ], [ -61.341577200000032, 12.692433800000032 ], [ -61.341457099999957, 12.692425399999959 ], [ -61.34127679999996, 12.692425399999959 ], [ -61.341027899999972, 12.692542699999983 ], [ -61.340779, 12.692726900000036 ], [ -61.3404958, 12.692944600000018 ], [ -61.340204, 12.693229300000038 ], [ -61.339980800000021, 12.693447 ], [ -61.339697600000036, 12.693547499999987 ], [ -61.339508700000039, 12.693781900000019 ], [ -61.33938, 12.693966099999983 ], [ -61.339371399999955, 12.694234100000042 ], [ -61.339294099999954, 12.69444340000004 ], [ -61.339113899999965, 12.6946276 ], [ -61.339028099999972, 12.694820200000041 ], [ -61.338882199999979, 12.6949625 ], [ -61.338719099999985, 12.69515510000004 ], [ -61.3385646, 12.695406300000041 ], [ -61.3383414, 12.695732899999975 ], [ -61.338066800000014, 12.695959 ], [ -61.337723400000023, 12.696168300000028 ], [ -61.337328599999957, 12.696319 ], [ -61.3365905, 12.69652 ], [ -61.335938200000022, 12.696746 ], [ -61.335448900000038, 12.696871599999955 ], [ -61.334599199999985, 12.697081 ], [ -61.333938300000014, 12.697323799999978 ], [ -61.333543500000033, 12.697374 ], [ -61.333200199999965, 12.697374 ], [ -61.333122899999964, 12.697206599999962 ], [ -61.33296839999997, 12.697206599999962 ], [ -61.332882599999976, 12.697265200000015 ], [ -61.3324449, 12.6972317 ], [ -61.332067200000012, 12.697198199999978 ], [ -61.331672400000031, 12.69713120000003 ], [ -61.331251799999954, 12.697047500000032 ], [ -61.33096, 12.69688 ], [ -61.330711099999981, 12.696670700000031 ], [ -61.330539399999985, 12.696444599999975 ], [ -61.3303935, 12.696210200000031 ], [ -61.3303248, 12.6959757 ], [ -61.3301618, 12.695783100000043 ], [ -61.3301274, 12.695615699999959 ], [ -61.3301875, 12.695439799999971 ], [ -61.3301103, 12.6952556 ], [ -61.329964400000016, 12.695054599999985 ], [ -61.329878500000014, 12.69477 ], [ -61.329878500000014, 12.694451800000024 ], [ -61.329809900000022, 12.6942508 ], [ -61.329646800000027, 12.694108500000041 ], [ -61.329406499999955, 12.693991200000017 ], [ -61.329200499999963, 12.6938322 ], [ -61.32897729999997, 12.69373170000004 ], [ -61.328754099999976, 12.69373170000004 ], [ -61.3285224, 12.6937484 ], [ -61.328222, 12.693848899999967 ], [ -61.327835700000016, 12.69389079999997 ], [ -61.327664100000028, 12.693798699999988 ], [ -61.32741520000004, 12.69374 ], [ -61.32710619999996, 12.693807 ], [ -61.327064299999961, 12.693829300000033 ], [ -61.326917399999971, 12.693907500000019 ], [ -61.326797199999973, 12.694066600000038 ], [ -61.326694199999977, 12.694242400000018 ], [ -61.326522499999982, 12.6943345 ], [ -61.326265, 12.694502 ], [ -61.3260934, 12.6947532 ], [ -61.325870200000011, 12.6950463 ], [ -61.32580160000002, 12.695305799999986 ], [ -61.325681400000022, 12.695481699999974 ], [ -61.325578400000026, 12.69583340000003 ], [ -61.325604200000029, 12.696000800000025 ], [ -61.32573290000002, 12.6962185 ], [ -61.325904600000015, 12.696335800000032 ], [ -61.325947500000012, 12.6964697 ], [ -61.3259131, 12.6966874 ], [ -61.32580160000002, 12.69688 ], [ -61.325509700000026, 12.697156299999975 ], [ -61.325217899999956, 12.697323799999978 ], [ -61.325080599999964, 12.697340500000028 ], [ -61.32491749999997, 12.697240099999981 ], [ -61.324651399999979, 12.6971814 ], [ -61.324496899999986, 12.6971898 ], [ -61.3243682, 12.697265200000015 ], [ -61.3242824, 12.697424300000034 ], [ -61.324145, 12.697633600000032 ], [ -61.323879, 12.6978597 ], [ -61.32362150000003, 12.698043899999963 ], [ -61.323432600000032, 12.698303400000029 ], [ -61.323166599999958, 12.69855460000003 ], [ -61.322994899999962, 12.698805800000031 ], [ -61.322866199999972, 12.699132399999964 ], [ -61.322643, 12.6994087 ], [ -61.322437, 12.699542699999984 ], [ -61.3223426, 12.699693400000019 ], [ -61.3223598, 12.699860800000014 ], [ -61.322471299999982, 12.699978100000038 ], [ -61.322582899999979, 12.699978100000038 ], [ -61.322685899999975, 12.699919499999986 ], [ -61.322840399999968, 12.699802199999962 ], [ -61.323012099999964, 12.699752 ], [ -61.323202099999968, 12.699758 ], [ -61.323278100000039, 12.699760399999967 ], [ -61.323372600000042, 12.699860800000014 ], [ -61.323475600000037, 12.7000785 ], [ -61.323535600000028, 12.700262799999969 ], [ -61.323638600000024, 12.700522300000035 ], [ -61.323635400000022, 12.700619399999987 ], [ -61.32363, 12.70078190000002 ], [ -61.32355280000003, 12.701024700000037 ], [ -61.3235213, 12.701065 ], [ -61.323415500000038, 12.701200500000017 ], [ -61.323381100000034, 12.701426599999984 ], [ -61.323389700000035, 12.7016694 ], [ -61.323329600000037, 12.701820100000035 ], [ -61.323183700000044, 12.701970899999989 ], [ -61.322960599999966, 12.7020881 ], [ -61.322703099999977, 12.702029500000041 ], [ -61.3222739, 12.701870400000022 ], [ -61.3221194, 12.701845299999988 ], [ -61.3220336, 12.701970899999989 ], [ -61.3219821, 12.702121600000023 ], [ -61.3220164, 12.702289 ], [ -61.3220593, 12.702640699999986 ], [ -61.322231, 12.702891899999987 ], [ -61.322437, 12.703210100000025 ], [ -61.322600099999981, 12.70337750000002 ], [ -61.322600099999981, 12.7035952 ], [ -61.32252279999998, 12.703938499999985 ], [ -61.32252279999998, 12.704131100000023 ], [ -61.322634399999977, 12.704231599999989 ], [ -61.322694499999976, 12.704700399999965 ], [ -61.322703700000027, 12.7047738 ], [ -61.322737399999973, 12.705043700000036 ], [ -61.322763199999976, 12.7054373 ], [ -61.322806099999973, 12.705571199999984 ], [ -61.322814699999974, 12.7058559 ], [ -61.322728799999972, 12.706257800000039 ], [ -61.32259149999998, 12.70681040000002 ], [ -61.3223941, 12.707396500000019 ], [ -61.3222053, 12.707463499999967 ], [ -61.3220679, 12.707555600000038 ], [ -61.321947800000011, 12.707672799999965 ], [ -61.321947800000011, 12.707890500000037 ], [ -61.3219488, 12.707929499999977 ], [ -61.3219563, 12.708225400000035 ], [ -61.321896300000013, 12.7086189 ], [ -61.321784700000016, 12.709062700000036 ], [ -61.321638800000024, 12.709473 ], [ -61.321501400000024, 12.709757599999978 ], [ -61.321321200000035, 12.709941800000031 ], [ -61.321141, 12.710008799999979 ], [ -61.320935, 12.709983700000034 ], [ -61.320754699999974, 12.709983700000034 ], [ -61.320617399999982, 12.710067400000032 ], [ -61.320531599999988, 12.710226499999962 ], [ -61.320531599999988, 12.710461 ], [ -61.320583099999986, 12.710661900000016 ], [ -61.320694599999975, 12.710862800000029 ], [ -61.320840499999967, 12.710929799999978 ], [ -61.320917799999968, 12.71102189999996 ], [ -61.3209301, 12.7110869 ], [ -61.320960699999965, 12.711248 ], [ -61.320960699999965, 12.711783800000028 ], [ -61.320969299999966, 12.712328100000033 ], [ -61.320488599999983, 12.714371 ], [ -61.3203685, 12.7148985 ], [ -61.3203256, 12.7152669 ], [ -61.3203771, 12.715451099999971 ], [ -61.320454299999987, 12.715576599999963 ], [ -61.320583099999986, 12.715652 ], [ -61.320711799999977, 12.715652 ], [ -61.320840499999967, 12.715551500000018 ], [ -61.321003599999962, 12.715451099999971 ], [ -61.321166699999957, 12.715425900000017 ], [ -61.321269700000038, 12.71546780000002 ], [ -61.321389900000035, 12.715618499999966 ], [ -61.321535800000028, 12.715903199999985 ], [ -61.321690300000022, 12.716112499999983 ], [ -61.3219563, 12.716254800000033 ], [ -61.322128, 12.7162716 ], [ -61.3222653, 12.716405499999979 ], [ -61.322376899999988, 12.71664 ], [ -61.322385499999989, 12.716924600000031 ], [ -61.3223426, 12.717309800000017 ], [ -61.3222568, 12.717636300000031 ], [ -61.3221194, 12.717962799999956 ], [ -61.3219306, 12.718264200000025 ], [ -61.321716, 12.718515400000026 ], [ -61.321432800000032, 12.718749799999969 ], [ -61.321269700000038, 12.7188168 ], [ -61.321072299999962, 12.718682800000021 ], [ -61.32079759999997, 12.718515400000026 ], [ -61.320471499999989, 12.718331199999973 ], [ -61.3201968, 12.718147 ], [ -61.3201196, 12.718054900000027 ], [ -61.31994790000001, 12.717870699999974 ], [ -61.319802, 12.7178623 ], [ -61.319681800000019, 12.717962799999956 ], [ -61.319604600000027, 12.718255800000041 ], [ -61.319510200000032, 12.718498599999968 ], [ -61.319381400000033, 12.7186996 ], [ -61.319218300000038, 12.7188168 ], [ -61.319038099999958, 12.718917299999973 ], [ -61.318892199999965, 12.719009399999955 ], [ -61.31879779999997, 12.719176800000039 ], [ -61.318703399999976, 12.7194029 ], [ -61.318540299999981, 12.719687500000017 ], [ -61.318368599999985, 12.719896800000015 ], [ -61.3181369, 12.7200308 ], [ -61.317896600000012, 12.7200727 ], [ -61.317596100000017, 12.7201145 ], [ -61.317295700000031, 12.7201145 ], [ -61.316952399999963, 12.720064300000018 ], [ -61.316694899999973, 12.719980600000021 ], [ -61.316385899999986, 12.719896800000015 ], [ -61.3161113, 12.719871699999981 ], [ -61.315862400000015, 12.7198215 ], [ -61.315570500000021, 12.719813100000017 ], [ -61.315278700000036, 12.7198215 ], [ -61.314961099999955, 12.719855 ], [ -61.31466929999997, 12.719871699999981 ], [ -61.314308799999985, 12.719871699999981 ], [ -61.3140771, 12.719838199999963 ], [ -61.31375950000001, 12.719662399999983 ], [ -61.313605, 12.719495 ], [ -61.313502, 12.719352600000018 ], [ -61.313476300000026, 12.71914330000002 ], [ -61.313502, 12.718967500000041 ], [ -61.313587900000023, 12.7188168 ], [ -61.313725200000015, 12.718682800000021 ], [ -61.313768100000011, 12.7184903 ], [ -61.313742400000017, 12.718322799999989 ], [ -61.313656500000015, 12.718214 ], [ -61.313450500000023, 12.718046500000042 ], [ -61.313133, 12.717937700000011 ], [ -61.312832499999963, 12.717912599999977 ], [ -61.312480599999979, 12.717971200000029 ], [ -61.312274599999988, 12.7181051 ], [ -61.3121974, 12.718281 ], [ -61.3121802, 12.718548899999956 ], [ -61.3121802, 12.718641 ], [ -61.3120772, 12.718724700000024 ], [ -61.3118798, 12.71871630000004 ], [ -61.311648100000021, 12.718641 ], [ -61.311399200000032, 12.718515400000026 ], [ -61.311081600000044, 12.718431700000028 ], [ -61.310789799999966, 12.718281 ], [ -61.310540899999978, 12.7182307 ], [ -61.310249, 12.7182307 ], [ -61.3101203, 12.718306100000028 ], [ -61.310214699999989, 12.718465199999958 ], [ -61.3101632, 12.718515400000026 ], [ -61.3099915, 12.718473500000023 ], [ -61.3096911, 12.718448399999989 ], [ -61.309468, 12.718448399999989 ], [ -61.309159, 12.7184819 ], [ -61.309141800000035, 12.718632600000042 ], [ -61.308987299999956, 12.718582399999974 ], [ -61.308841399999963, 12.7185656 ], [ -61.308678299999968, 12.7184819 ], [ -61.308472299999977, 12.7184819 ], [ -61.308232, 12.718582399999974 ], [ -61.308360799999988, 12.71871630000004 ], [ -61.308352199999987, 12.7189508 ], [ -61.3082492, 12.718967500000041 ], [ -61.3081033, 12.719034499999989 ], [ -61.3079574, 12.7192354 ], [ -61.3079659, 12.719394500000021 ], [ -61.3078887, 12.7195703 ], [ -61.3079316, 12.719829899999986 ], [ -61.3081033, 12.720064300000018 ], [ -61.3082406, 12.7201983 ], [ -61.3082149, 12.72033219999998 ], [ -61.3083179, 12.720566600000012 ], [ -61.3083093, 12.720692200000013 ], [ -61.308232, 12.720868 ], [ -61.3081376, 12.721002 ], [ -61.308129, 12.7212029 ], [ -61.308232, 12.7213704 ], [ -61.308480899999978, 12.721429 ], [ -61.308532399999976, 12.721588099999977 ], [ -61.308644, 12.721680199999959 ], [ -61.308678299999968, 12.721897800000022 ], [ -61.308455199999983, 12.7220318 ], [ -61.3083179, 12.722216 ], [ -61.308326399999984, 12.722433700000042 ], [ -61.308472299999977, 12.722643 ], [ -61.308506699999981, 12.722852300000039 ], [ -61.308412299999986, 12.722986300000024 ], [ -61.308523799999975, 12.72340490000002 ], [ -61.30849809999998, 12.723555599999965 ], [ -61.30849809999998, 12.723723 ], [ -61.308755599999969, 12.723857 ], [ -61.308824299999969, 12.724099799999962 ], [ -61.309038800000039, 12.72430909999996 ], [ -61.309279200000034, 12.7245435 ], [ -61.309519500000022, 12.724777900000024 ], [ -61.309785600000012, 12.7248784 ], [ -61.310043, 12.724903500000025 ], [ -61.310283399999989, 12.724937 ], [ -61.310506499999974, 12.725029100000025 ], [ -61.310583799999975, 12.72523 ], [ -61.310566599999973, 12.72548120000004 ], [ -61.310583799999975, 12.72578260000002 ], [ -61.310592399999976, 12.725991900000018 ], [ -61.310532299999977, 12.726109100000034 ], [ -61.310300499999983, 12.726201200000016 ], [ -61.3101203, 12.7262096 ], [ -61.3099057, 12.7261677 ], [ -61.309648200000012, 12.726033800000021 ], [ -61.309442200000021, 12.725866300000018 ], [ -61.30924480000003, 12.7256654 ], [ -61.308995899999957, 12.725657 ], [ -61.308661199999975, 12.7257072 ], [ -61.308412299999986, 12.7257491 ], [ -61.308223399999989, 12.725765799999962 ], [ -61.3080775, 12.725824500000023 ], [ -61.3080775, 12.725941700000039 ], [ -61.308223399999989, 12.726025400000037 ], [ -61.308274899999986, 12.726276600000038 ], [ -61.308455199999983, 12.726368600000011 ], [ -61.30856679999998, 12.726661700000015 ], [ -61.308729799999966, 12.7268375 ], [ -61.308901499999962, 12.726996600000014 ], [ -61.309013099999959, 12.727281200000025 ], [ -61.309193300000032, 12.727482199999958 ], [ -61.30938220000003, 12.727448700000028 ], [ -61.309562400000019, 12.727457 ], [ -61.3098285, 12.727557499999971 ], [ -61.3100259, 12.727741700000024 ], [ -61.3102405, 12.7279594 ], [ -61.310472199999978, 12.72816030000002 ], [ -61.310686799999971, 12.728260799999987 ], [ -61.310978599999956, 12.728277500000036 ], [ -61.311150300000044, 12.7284198 ], [ -61.311476400000025, 12.728578900000016 ], [ -61.311751100000016, 12.728738 ], [ -61.311914200000011, 12.728947300000033 ], [ -61.3119742, 12.729181699999977 ], [ -61.3118798, 12.729374300000014 ], [ -61.311673800000015, 12.729566800000043 ], [ -61.311424900000027, 12.7295417 ], [ -61.311270400000033, 12.729591899999988 ], [ -61.31118460000004, 12.72979290000001 ], [ -61.311098800000046, 12.730018899999969 ], [ -61.311098800000046, 12.73023660000004 ], [ -61.310995799999958, 12.730328700000022 ], [ -61.310772599999964, 12.7304208 ], [ -61.310532299999977, 12.730487700000033 ], [ -61.310283399999989, 12.7305045 ], [ -61.3101117, 12.730496100000018 ], [ -61.3098971, 12.730454300000023 ], [ -61.30969970000001, 12.730387299999986 ], [ -61.309485100000018, 12.730303599999989 ], [ -61.30931350000003, 12.73041240000002 ], [ -61.309193300000032, 12.730328700000022 ], [ -61.308970199999962, 12.73027009999997 ], [ -61.308798499999966, 12.730345399999983 ], [ -61.308755599999969, 12.7305045 ], [ -61.308824299999969, 12.7306719 ], [ -61.308755599999969, 12.730856099999961 ], [ -61.308755599999969, 12.7310905 ], [ -61.308781299999964, 12.731266299999973 ], [ -61.309030200000038, 12.731534300000032 ], [ -61.309167600000038, 12.7317603 ], [ -61.309425100000027, 12.7318775 ], [ -61.309725500000013, 12.7320115 ], [ -61.3100259, 12.731994700000023 ], [ -61.3102405, 12.731911 ], [ -61.31042069999998, 12.731777 ], [ -61.310729699999968, 12.7317603 ], [ -61.310978599999956, 12.731860799999957 ], [ -61.311064400000042, 12.731994700000023 ], [ -61.311030100000046, 12.7322124 ], [ -61.310918499999957, 12.732413300000019 ], [ -61.310764, 12.732689599999965 ], [ -61.310755399999962, 12.732949100000031 ], [ -61.310661, 12.73315 ], [ -61.310661, 12.733317499999959 ], [ -61.310841299999964, 12.73340960000003 ], [ -61.311021500000045, 12.733526799999957 ], [ -61.311038699999955, 12.733719299999986 ], [ -61.31118460000004, 12.7338868 ], [ -61.31118460000004, 12.734054199999985 ], [ -61.311021500000045, 12.7341714 ], [ -61.31080689999996, 12.734355599999965 ], [ -61.310575199999974, 12.7344226 ], [ -61.310352, 12.7344226 ], [ -61.3101632, 12.734355599999965 ], [ -61.3099486, 12.73433050000002 ], [ -61.3098027, 12.7343807 ], [ -61.3098027, 12.734615100000031 ], [ -61.3099229, 12.734724 ], [ -61.3101203, 12.734857899999959 ], [ -61.310292, 12.735033700000027 ], [ -61.310540899999978, 12.735058899999981 ], [ -61.310781199999965, 12.735084 ], [ -61.310978599999956, 12.7351761 ], [ -61.310935699999959, 12.735360200000041 ], [ -61.311038699999955, 12.735577900000024 ], [ -61.311047299999956, 12.735762099999988 ], [ -61.311133100000042, 12.735979799999971 ], [ -61.311321900000031, 12.736097 ], [ -61.311562300000027, 12.7362979 ], [ -61.311442100000029, 12.7365491 ], [ -61.31157080000002, 12.736817 ], [ -61.311485, 12.7369258 ], [ -61.311673800000015, 12.73720210000003 ], [ -61.3118197, 12.737403 ], [ -61.31170820000002, 12.73747 ], [ -61.31170820000002, 12.737595499999983 ], [ -61.311785400000012, 12.737746200000018 ], [ -61.3119828, 12.7377546 ], [ -61.312103, 12.737637399999986 ], [ -61.312377599999984, 12.737620700000026 ], [ -61.312686599999971, 12.73766250000002 ], [ -61.31294409999996, 12.73766250000002 ], [ -61.313304600000031, 12.73766250000002 ], [ -61.313133, 12.7377546 ], [ -61.312909799999964, 12.737829900000015 ], [ -61.312909799999964, 12.737955500000016 ], [ -61.313133, 12.7380476 ], [ -61.313416200000027, 12.738181599999983 ], [ -61.313682300000018, 12.738349 ], [ -61.3138539, 12.738600199999979 ], [ -61.3140685, 12.738692200000042 ], [ -61.3141973, 12.7386755 ], [ -61.314317399999986, 12.738558299999976 ], [ -61.314368899999984, 12.738290400000015 ], [ -61.314489099999982, 12.738022499999964 ], [ -61.314566299999974, 12.737746200000018 ], [ -61.315287300000037, 12.736825300000028 ], [ -61.315441800000031, 12.736666300000017 ], [ -61.315647800000022, 12.7365909 ], [ -61.315871, 12.73659929999998 ], [ -61.3160598, 12.7366746 ], [ -61.3162915, 12.736825300000028 ], [ -61.316514699999985, 12.736909 ], [ -61.316686299999972, 12.736875600000015 ], [ -61.316858, 12.7367165 ], [ -61.316909499999966, 12.736457 ], [ -61.31700389999996, 12.736247700000021 ], [ -61.317227099999954, 12.7360467 ], [ -61.317330100000035, 12.7358374 ], [ -61.317287200000038, 12.7355947 ], [ -61.317192700000035, 12.73525140000001 ], [ -61.317158399999954, 12.734991900000033 ], [ -61.317244200000033, 12.734749100000016 ], [ -61.31742450000003, 12.734439299999963 ], [ -61.317596100000017, 12.734297 ], [ -61.3178622, 12.7342133 ], [ -61.3182055, 12.7342133 ], [ -61.318411499999982, 12.734238400000038 ], [ -61.318574599999977, 12.734297 ], [ -61.318720499999969, 12.734271899999968 ], [ -61.318763399999966, 12.734112800000037 ], [ -61.31866039999997, 12.733970499999987 ], [ -61.318377199999986, 12.734004 ], [ -61.318265599999989, 12.733953800000027 ], [ -61.3180682, 12.733786300000023 ], [ -61.31794810000001, 12.733635599999989 ], [ -61.3179051, 12.73340960000003 ], [ -61.3180081, 12.733124900000011 ], [ -61.3181798, 12.7328821 ], [ -61.318377199999986, 12.732815199999965 ], [ -61.318634699999976, 12.73282350000003 ], [ -61.318840699999967, 12.732781700000036 ], [ -61.319046699999959, 12.732605899999967 ], [ -61.319218300000038, 12.732446800000037 ], [ -61.31939, 12.7322124 ], [ -61.319613200000028, 12.731894199999967 ], [ -61.319870700000017, 12.731659800000024 ], [ -61.3201625, 12.731475599999971 ], [ -61.320565899999984, 12.7313417 ], [ -61.320823399999973, 12.731308199999976 ], [ -61.32119249999996, 12.731350099999979 ], [ -61.321621600000022, 12.731408700000031 ], [ -61.322231, 12.731534300000032 ], [ -61.322728799999972, 12.731701700000027 ], [ -61.323123600000045, 12.731894199999967 ], [ -61.323527, 12.732103499999965 ], [ -61.323861800000017, 12.732346299999982 ], [ -61.3241193, 12.732622600000017 ], [ -61.3243682, 12.732940699999958 ], [ -61.324668599999981, 12.733359300000043 ], [ -61.324823099999975, 12.7335938 ], [ -61.324943299999973, 12.733727699999971 ], [ -61.325192199999961, 12.733844899999987 ], [ -61.325458200000028, 12.734179799999986 ], [ -61.325758600000015, 12.7346737 ], [ -61.325938900000011, 12.7351258 ], [ -61.3260419, 12.735485800000042 ], [ -61.3260419, 12.735762099999988 ], [ -61.3259904, 12.735971399999986 ], [ -61.32580160000002, 12.736071900000042 ], [ -61.325672800000021, 12.7362142 ], [ -61.325629900000024, 12.7364235 ], [ -61.325698600000024, 12.736515599999983 ], [ -61.3259131, 12.736574200000035 ], [ -61.3260934, 12.736691399999962 ], [ -61.3262479, 12.7367165 ], [ -61.3263595, 12.736657900000033 ], [ -61.3264539, 12.736515599999983 ], [ -61.326582599999981, 12.736256 ], [ -61.326745699999975, 12.7360467 ], [ -61.326917399999971, 12.7358793 ], [ -61.327200599999955, 12.73585419999997 ], [ -61.327389400000037, 12.73572859999997 ], [ -61.327586800000027, 12.735577900000024 ], [ -61.327852900000018, 12.7354272 ], [ -61.3280932, 12.735502600000011 ], [ -61.3284537, 12.735502600000011 ], [ -61.32878849999998, 12.735561199999974 ], [ -61.329097499999968, 12.73569510000004 ], [ -61.329483700000033, 12.735937899999968 ], [ -61.329775500000018, 12.7361723 ], [ -61.329964400000016, 12.736431799999977 ], [ -61.329990100000011, 12.736683 ], [ -61.329904300000017, 12.736984399999958 ], [ -61.329775500000018, 12.737277400000043 ], [ -61.329741200000022, 12.737620700000026 ], [ -61.329638200000026, 12.737972299999985 ], [ -61.329552400000033, 12.7381732 ], [ -61.329655400000028, 12.7382569 ], [ -61.329809900000022, 12.738407600000031 ], [ -61.330007300000013, 12.7383406 ], [ -61.3301017, 12.738616900000029 ], [ -61.3302476, 12.738776 ], [ -61.3305137, 12.73886810000003 ], [ -61.33063379999998, 12.73886810000003 ], [ -61.330676699999977, 12.738976899999972 ] ] ], [ [ [ -61.170681500000036, 12.895539799999963 ], [ -61.1704214, 12.895539799999963 ], [ -61.170671500000012, 12.8965698 ], [ -61.170941599999978, 12.8965698 ], [ -61.1709516, 12.894769800000024 ], [ -61.17148149999997, 12.894769800000024 ], [ -61.17148149999997, 12.893739699999969 ], [ -61.172271599999974, 12.8937498 ], [ -61.1727915, 12.8955498 ], [ -61.1740914, 12.895559800000019 ], [ -61.173851400000039, 12.893759800000034 ], [ -61.174826900000014, 12.893357499999965 ], [ -61.175728099999972, 12.8934997 ], [ -61.176071499999964, 12.893131600000014 ], [ -61.175788199999971, 12.892596100000027 ], [ -61.175951299999966, 12.892018799999956 ], [ -61.176231499999972, 12.891459799999978 ], [ -61.176852500000017, 12.891056700000021 ], [ -61.179024, 12.891173800000029 ], [ -61.180826500000023, 12.891173800000029 ], [ -61.181741599999974, 12.8914997 ], [ -61.182001499999984, 12.892269900000038 ], [ -61.1833114, 12.892789799999978 ], [ -61.183551499999979, 12.894079800000043 ], [ -61.183041499999973, 12.893949700000025 ], [ -61.182381499999984, 12.894329800000033 ], [ -61.18223409999996, 12.894696199999974 ], [ -61.182501599999974, 12.8951098 ], [ -61.1831353, 12.895306899999966 ], [ -61.1838115, 12.895119800000028 ], [ -61.183691500000016, 12.8945999 ], [ -61.184010799999967, 12.893901300000017 ], [ -61.184826200000025, 12.893483 ], [ -61.185684499999986, 12.893006100000022 ], [ -61.186461499999972, 12.892819899999981 ], [ -61.186233799999961, 12.8924037 ], [ -61.186268199999965, 12.891977 ], [ -61.186481500000028, 12.8915298 ], [ -61.185916199999973, 12.891525199999972 ], [ -61.1855515, 12.89100979999996 ], [ -61.1853498, 12.890069399999955 ], [ -61.185831599999986, 12.889209799999975 ], [ -61.186405499999957, 12.88877250000003 ], [ -61.186474100000034, 12.888245400000027 ], [ -61.1872981, 12.8873669 ], [ -61.188662800000031, 12.886538600000026 ], [ -61.189031900000018, 12.886362899999966 ], [ -61.189143500000014, 12.885852500000013 ], [ -61.1892379, 12.885392300000039 ], [ -61.1895469, 12.884856799999962 ], [ -61.1896499, 12.8842293 ], [ -61.18983009999998, 12.884020100000011 ], [ -61.190173399999964, 12.8841038 ], [ -61.190201399999971, 12.8835799 ], [ -61.190721600000025, 12.8835799 ], [ -61.190601500000035, 12.88305970000004 ], [ -61.190413799999959, 12.88274 ], [ -61.189744299999987, 12.8826061 ], [ -61.189478600000029, 12.882299 ], [ -61.189309599999987, 12.882186900000033 ], [ -61.1892421, 12.88201190000003 ], [ -61.189306, 12.881969900000019 ], [ -61.189313100000014, 12.881865 ], [ -61.1892185, 12.8817517 ], [ -61.1890446, 12.881585700000027 ], [ -61.188930399999968, 12.881578699999981 ], [ -61.188731500000031, 12.8815875 ], [ -61.188641400000037, 12.881499700000017 ], [ -61.188496799999974, 12.881342100000033 ], [ -61.188390100000028, 12.881171300000023 ], [ -61.1883029, 12.880938300000018 ], [ -61.188279799999961, 12.8807836 ], [ -61.1883705, 12.88067149999997 ], [ -61.188221099999986, 12.880536399999983 ], [ -61.188100100000014, 12.880627100000027 ], [ -61.188025399999958, 12.880636 ], [ -61.187957600000033, 12.880582499999978 ], [ -61.187874299999983, 12.8805506 ], [ -61.187797799999956, 12.880451 ], [ -61.187735500000045, 12.880351400000041 ], [ -61.18771109999998, 12.880158200000043 ], [ -61.187928, 12.880109600000019 ], [ -61.187921199999955, 12.879937 ], [ -61.188820899999968, 12.879766599999972 ], [ -61.188777700000031, 12.879622699999967 ], [ -61.187820399999964, 12.879845800000041 ], [ -61.187750899999983, 12.8796683 ], [ -61.18764239999998, 12.8795855 ], [ -61.187463, 12.879454800000019 ], [ -61.18732779999997, 12.87936250000002 ], [ -61.187275800000023, 12.879193299999965 ], [ -61.187302199999984, 12.8789318 ], [ -61.1873925, 12.878681900000018 ], [ -61.187470200000028, 12.878192799999962 ], [ -61.187641399999983, 12.877719699999986 ], [ -61.1878972, 12.8773507 ], [ -61.188250799999956, 12.877033599999972 ], [ -61.188319499999956, 12.876581799999983 ], [ -61.188542700000042, 12.876113200000024 ], [ -61.188855900000021, 12.875690400000035 ], [ -61.188817300000025, 12.8755108 ], [ -61.18924650000001, 12.874791199999976 ], [ -61.1902715, 12.873779799999959 ], [ -61.190662700000033, 12.8735528 ], [ -61.1908, 12.874038100000014 ], [ -61.1912807, 12.87367 ], [ -61.191014600000017, 12.8735194 ], [ -61.190860100000023, 12.873285099999972 ], [ -61.1912377, 12.872883400000042 ], [ -61.1915382, 12.873034 ], [ -61.1913579, 12.873276699999987 ], [ -61.191606799999988, 12.87340219999998 ], [ -61.1918516, 12.873279699999969 ], [ -61.192044599999974, 12.872916899999971 ], [ -61.191950099999971, 12.872607300000023 ], [ -61.191709799999984, 12.872364700000023 ], [ -61.192276299999961, 12.871862599999957 ], [ -61.19284280000003, 12.871653399999968 ], [ -61.192654, 12.872063399999963 ], [ -61.192242, 12.8724985 ], [ -61.19284280000003, 12.872381399999984 ], [ -61.1933921, 12.871896099999976 ], [ -61.19323760000001, 12.871176500000033 ], [ -61.1934951, 12.870523800000029 ], [ -61.193971399999974, 12.870199799999956 ], [ -61.194662400000034, 12.869662 ], [ -61.1953147, 12.8691516 ], [ -61.1952546, 12.868749899999983 ], [ -61.194439199999955, 12.8692771 ], [ -61.193992899999976, 12.869503 ], [ -61.193254800000012, 12.8692352 ], [ -61.192782700000031, 12.868733200000023 ], [ -61.192121799999967, 12.867327499999977 ], [ -61.191666499999954, 12.8666246 ], [ -61.19110040000001, 12.866365200000025 ], [ -61.190714200000031, 12.866139299999986 ], [ -61.190920200000022, 12.865612099999975 ], [ -61.1911519, 12.865001299999975 ], [ -61.190714200000031, 12.864900900000016 ], [ -61.190122, 12.864432299999969 ], [ -61.189855899999984, 12.864097599999987 ], [ -61.190516799999955, 12.862926099999957 ], [ -61.190885800000018, 12.861938699999971 ], [ -61.190817200000026, 12.861378100000039 ], [ -61.190456699999956, 12.861093600000036 ], [ -61.190473899999958, 12.860650100000022 ], [ -61.190379399999955, 12.8602484 ], [ -61.189941699999977, 12.8604158 ], [ -61.18989879999998, 12.860867599999988 ], [ -61.189744299999987, 12.861160499999976 ], [ -61.1891692, 12.861369699999965 ], [ -61.188946100000024, 12.8617211 ], [ -61.188542700000042, 12.862557899999956 ], [ -61.18828519999996, 12.862767100000035 ], [ -61.188010499999969, 12.862591399999975 ], [ -61.188062, 12.86216460000001 ], [ -61.187916099999974, 12.861829900000028 ], [ -61.187607099999987, 12.8617211 ], [ -61.187804499999977, 12.861127 ], [ -61.187718699999984, 12.860407400000014 ], [ -61.187741600000017, 12.859849799999974 ], [ -61.1874011, 12.8600058 ], [ -61.186903300000019, 12.860181499999975 ], [ -61.186645800000029, 12.860407400000014 ], [ -61.186319699999963, 12.860708599999978 ], [ -61.1856416, 12.8605329 ], [ -61.185049400000018, 12.860072700000032 ], [ -61.184345500000042, 12.8594786 ], [ -61.184148099999959, 12.8589012 ], [ -61.184088099999968, 12.858399100000025 ], [ -61.184405600000041, 12.85777990000004 ], [ -61.184517200000037, 12.857319699999977 ], [ -61.184354100000043, 12.856909699999981 ], [ -61.183976499999972, 12.8567005 ], [ -61.183831599999976, 12.8559598 ], [ -61.18304950000001, 12.855411800000034 ], [ -61.182384100000021, 12.8560167 ], [ -61.182002399999973, 12.857093800000026 ], [ -61.182174, 12.8578385 ], [ -61.182714800000028, 12.85834059999998 ], [ -61.182628900000026, 12.858926300000036 ], [ -61.182551700000033, 12.8593531 ], [ -61.182002399999973, 12.859604099999984 ], [ -61.181916499999971, 12.859913700000021 ], [ -61.1814874, 12.860298599999982 ], [ -61.181164099999975, 12.861166699999956 ], [ -61.180551800000032, 12.862265 ], [ -61.180234200000044, 12.863726700000029 ], [ -61.179693499999978, 12.863788 ], [ -61.1793159, 12.863285899999973 ], [ -61.178749400000022, 12.8633947 ], [ -61.178526200000029, 12.86382139999996 ], [ -61.178749400000022, 12.864181199999976 ], [ -61.1791099, 12.86429 ], [ -61.179556199999986, 12.864239800000028 ], [ -61.17977939999998, 12.864390399999966 ], [ -61.179813699999976, 12.864716799999972 ], [ -61.180148399999958, 12.864767 ], [ -61.180484300000039, 12.8650167 ], [ -61.180397300000038, 12.865612099999975 ], [ -61.180174199999961, 12.866181099999981 ], [ -61.179684200000011, 12.866686699999981 ], [ -61.179375899999989, 12.866925799999958 ], [ -61.178818, 12.866808700000039 ], [ -61.178964, 12.866407 ], [ -61.178672100000021, 12.866072300000038 ], [ -61.178157199999966, 12.865746 ], [ -61.177650799999988, 12.866306599999973 ], [ -61.177642199999987, 12.866750099999987 ], [ -61.178105699999968, 12.866858900000018 ], [ -61.17814, 12.867294 ], [ -61.178079899999965, 12.867695599999969 ], [ -61.178552, 12.8680471 ], [ -61.1792643, 12.86964680000003 ], [ -61.179277899999967, 12.8701649 ], [ -61.1794211, 12.87062839999998 ], [ -61.1794017, 12.87126020000003 ], [ -61.17923990000002, 12.872099 ], [ -61.179231500000036, 12.87234760000003 ], [ -61.179168299999958, 12.872554099999974 ], [ -61.179012400000026, 12.872773199999983 ], [ -61.1789788, 12.87296 ], [ -61.178835400000033, 12.873299900000042 ], [ -61.178473, 12.873586500000041 ], [ -61.178342400000012, 12.873932 ], [ -61.178079899999965, 12.87422219999997 ], [ -61.177710799999979, 12.874272400000038 ], [ -61.1773074, 12.874138499999972 ], [ -61.176895400000014, 12.8752263 ], [ -61.176758100000022, 12.875912400000018 ], [ -61.176938400000019, 12.876422799999972 ], [ -61.17714440000001, 12.876991799999978 ], [ -61.177007, 12.87753560000003 ], [ -61.176706600000024, 12.878113 ], [ -61.176414800000039, 12.8780795 ], [ -61.176320400000044, 12.8782887 ], [ -61.176517800000035, 12.878656799999984 ], [ -61.176586500000035, 12.879125400000031 ], [ -61.176346100000039, 12.879970499999967 ], [ -61.17584829999997, 12.88110839999997 ], [ -61.175522199999989, 12.8813008 ], [ -61.17500720000001, 12.881401299999958 ], [ -61.174526500000027, 12.881200400000033 ], [ -61.173951399999964, 12.881150199999965 ], [ -61.173804299999958, 12.881466600000032 ], [ -61.17366819999998, 12.882053900000042 ], [ -61.172406500000037, 12.882957500000021 ], [ -61.171831399999967, 12.883225299999975 ], [ -61.171393699999989, 12.883108099999959 ], [ -61.1709731, 12.882614499999974 ], [ -61.170020399999963, 12.8824388 ], [ -61.1691878, 12.883083 ], [ -61.16862990000002, 12.883191799999956 ], [ -61.168218, 12.882756700000016 ], [ -61.16799479999996, 12.882748300000031 ], [ -61.167814599999971, 12.88279850000001 ], [ -61.167668599999971, 12.883066299999964 ], [ -61.168029099999956, 12.883258699999985 ], [ -61.167806, 12.884421700000022 ], [ -61.167514099999977, 12.8845138 ], [ -61.167565599999975, 12.8846811 ], [ -61.1672309, 12.88532540000001 ], [ -61.166784600000014, 12.885442500000018 ], [ -61.166638700000021, 12.885685200000026 ], [ -61.16669880000002, 12.885994699999966 ], [ -61.16682159999997, 12.8862398 ], [ -61.1671193, 12.8861872 ], [ -61.1673415, 12.8862398 ], [ -61.167331499999968, 12.886759800000032 ], [ -61.167634299999975, 12.886731 ], [ -61.168072, 12.886798 ], [ -61.168587, 12.8873669 ], [ -61.168999, 12.88774339999997 ], [ -61.1691363, 12.888111499999962 ], [ -61.169591199999978, 12.8882956 ], [ -61.169848699999967, 12.8889482 ], [ -61.169651299999977, 12.88945019999997 ], [ -61.1690763, 12.88967610000001 ], [ -61.16869860000002, 12.8896427 ], [ -61.168346700000036, 12.890111200000039 ], [ -61.168329500000034, 12.890546299999979 ], [ -61.168664300000025, 12.891031599999987 ], [ -61.170191399999986, 12.891669800000034 ], [ -61.1704214, 12.895279700000025 ], [ -61.170681500000036, 12.895279700000025 ], [ -61.170681500000036, 12.895539799999963 ] ] ], [ [ [ -61.1477123, 12.9592174 ], [ -61.148167199999975, 12.959836299999957 ], [ -61.147746299999966, 12.95894239999998 ], [ -61.147789199999963, 12.9586162 ], [ -61.148016899999973, 12.958567400000039 ], [ -61.147961199999983, 12.958097499999973 ], [ -61.147849299999962, 12.957152400000023 ], [ -61.148003799999955, 12.957328 ], [ -61.148072699999972, 12.957310300000032 ], [ -61.1482275, 12.957102599999988 ], [ -61.148218400000033, 12.956617099999963 ], [ -61.148665, 12.9565156 ], [ -61.1488192, 12.956014799999956 ], [ -61.149062499999978, 12.955944199999976 ], [ -61.1493516, 12.955528599999962 ], [ -61.1491282, 12.955320499999974 ], [ -61.149153899999988, 12.954601199999967 ], [ -61.149291299999987, 12.95443389999998 ], [ -61.1493301, 12.95417 ], [ -61.1489393, 12.954007300000033 ], [ -61.149018100000035, 12.953708099999968 ], [ -61.14881, 12.9534 ], [ -61.1487076, 12.953045400000025 ], [ -61.148814100000031, 12.952928300000018 ], [ -61.148699, 12.952836299999955 ], [ -61.1487505, 12.952543499999976 ], [ -61.14881950000003, 12.952316600000032 ], [ -61.1487763, 12.95208340000001 ], [ -61.148242900000021, 12.951524699999968 ], [ -61.147841, 12.95110370000004 ], [ -61.147265599999983, 12.950134400000042 ], [ -61.147197, 12.949490399999959 ], [ -61.146956900000021, 12.94856079999996 ], [ -61.14648, 12.94797 ], [ -61.146209900000031, 12.947231899999963 ], [ -61.146218500000032, 12.945918600000013 ], [ -61.14637, 12.94539 ], [ -61.145815099999957, 12.945282799999987 ], [ -61.145552099999961, 12.9450801 ], [ -61.145233200000042, 12.945021799999974 ], [ -61.144817899999964, 12.94459750000004 ], [ -61.144527900000035, 12.944018700000022 ], [ -61.144347400000022, 12.943409100000032 ], [ -61.144235800000025, 12.942388599999973 ], [ -61.144430100000029, 12.942029899999959 ], [ -61.1449139, 12.9415688 ], [ -61.1449997, 12.941234200000025 ], [ -61.145222899999986, 12.940974899999976 ], [ -61.145496100000031, 12.940857400000024 ], [ -61.145755299999983, 12.940572299999971 ], [ -61.1454721, 12.939894700000039 ], [ -61.14502580000002, 12.9394681 ], [ -61.144579899999989, 12.93894 ], [ -61.144320099999987, 12.93894 ], [ -61.144115700000036, 12.9390676 ], [ -61.144235800000025, 12.939360399999973 ], [ -61.144049100000032, 12.939407 ], [ -61.144072700000031, 12.939577900000028 ], [ -61.143961199999957, 12.9397954 ], [ -61.143823799999957, 12.9397954 ], [ -61.143823799999957, 12.939979400000031 ], [ -61.143703699999968, 12.94004629999997 ], [ -61.14358349999997, 12.9401969 ], [ -61.143445900000039, 12.940068500000031 ], [ -61.143283099999984, 12.940230400000015 ], [ -61.14303450000002, 12.940103800000021 ], [ -61.142639700000039, 12.940856699999966 ], [ -61.141824, 12.940991600000025 ], [ -61.141532199999972, 12.941409799999988 ], [ -61.141275, 12.941701599999973 ], [ -61.140725600000025, 12.941701599999973 ], [ -61.139686799999964, 12.941351300000033 ], [ -61.1389916, 12.9410418 ], [ -61.13878590000003, 12.940831600000021 ], [ -61.138485200000019, 12.940732299999976 ], [ -61.138167899999964, 12.940856699999966 ], [ -61.13774729999998, 12.94089849999996 ], [ -61.1373439, 12.940630800000015 ], [ -61.137017800000017, 12.9402711 ], [ -61.136725900000023, 12.9403632 ], [ -61.136786, 12.940589 ], [ -61.136691600000027, 12.9407229 ], [ -61.136562900000037, 12.94065589999996 ], [ -61.136425500000037, 12.940890199999984 ], [ -61.136528500000033, 12.9411244 ], [ -61.13635689999996, 12.941392100000034 ], [ -61.135979199999973, 12.9415259 ], [ -61.136225700000026, 12.9422043 ], [ -61.136365400000038, 12.9422118 ], [ -61.136408399999958, 12.94240420000002 ], [ -61.13658, 12.942504599999978 ], [ -61.1364851, 12.9427658 ], [ -61.136588600000032, 12.942847600000025 ], [ -61.136562900000037, 12.943132 ], [ -61.137000600000015, 12.943399699999965 ], [ -61.136971199999984, 12.943761599999977 ], [ -61.1371379, 12.944018700000022 ], [ -61.1371465, 12.944194299999985 ], [ -61.137069300000014, 12.944478799999988 ], [ -61.1372667, 12.9446377 ], [ -61.1372409, 12.945147900000016 ], [ -61.137841699999974, 12.945792 ], [ -61.13801339999997, 12.945850599999982 ], [ -61.138262299999958, 12.945976099999974 ], [ -61.138562700000037, 12.946377599999977 ], [ -61.138923200000022, 12.946988199999961 ], [ -61.1392064, 12.94703 ], [ -61.1393953, 12.947264299999979 ], [ -61.1394639, 12.947381399999987 ], [ -61.1394382, 12.947565400000023 ], [ -61.1392064, 12.947465 ], [ -61.139034800000019, 12.947682500000031 ], [ -61.1393438, 12.9478163 ], [ -61.139320500000032, 12.948070299999966 ], [ -61.1394725, 12.948192799999976 ], [ -61.1395154, 12.948452100000026 ], [ -61.139712799999984, 12.948569200000033 ], [ -61.13981579999998, 12.948853600000028 ], [ -61.140236399999964, 12.948937200000017 ], [ -61.14063120000003, 12.9491882 ], [ -61.141043200000013, 12.948887 ], [ -61.1412149, 12.948652800000023 ], [ -61.1412921, 12.948435299999968 ], [ -61.1416764, 12.948199199999973 ], [ -61.141704099999984, 12.948042200000039 ], [ -61.141910099999976, 12.947874899999963 ], [ -61.142107499999966, 12.947791299999974 ], [ -61.142468, 12.947866499999979 ], [ -61.14269970000003, 12.9474148 ], [ -61.143197600000015, 12.9475319 ], [ -61.14373, 12.947819900000031 ], [ -61.144218899999963, 12.94825130000002 ], [ -61.144364899999964, 12.948552499999984 ], [ -61.144390599999959, 12.948962299999963 ], [ -61.144107399999974, 12.949372200000038 ], [ -61.143712499999985, 12.9497152 ], [ -61.1435409, 12.949656600000033 ], [ -61.143017300000018, 12.950208699999973 ], [ -61.143025900000019, 12.950752400000017 ], [ -61.143249100000013, 12.950911300000019 ], [ -61.143267500000022, 12.951116699999961 ], [ -61.1434808, 12.951438300000014 ], [ -61.1436267, 12.951948500000039 ], [ -61.143738299999988, 12.952584299999977 ], [ -61.1436181, 12.953002500000029 ], [ -61.1436096, 12.9532534 ], [ -61.143721099999986, 12.953562900000033 ], [ -61.1434894, 12.953788799999984 ], [ -61.1433521, 12.954006300000039 ], [ -61.1434036, 12.954349199999989 ], [ -61.143240500000012, 12.954575 ], [ -61.142983, 12.954759099999976 ], [ -61.14269970000003, 12.954842699999965 ], [ -61.142356399999954, 12.955378 ], [ -61.142390799999959, 12.955687499999964 ], [ -61.142365, 12.95585480000004 ], [ -61.142262, 12.955963599999983 ], [ -61.142038899999974, 12.956038799999988 ], [ -61.141910099999976, 12.956432 ], [ -61.141755599999982, 12.956532399999972 ], [ -61.1415582, 12.957143 ], [ -61.141704099999984, 12.957335399999977 ], [ -61.141721299999986, 12.957987799999955 ], [ -61.141583899999986, 12.958615099999989 ], [ -61.141824299999982, 12.95854819999996 ], [ -61.141781399999985, 12.958389299999958 ], [ -61.141987399999977, 12.958263799999965 ], [ -61.142236299999965, 12.958314 ], [ -61.142390799999959, 12.95848130000002 ], [ -61.142493799999954, 12.95872390000002 ], [ -61.142562400000038, 12.958941299999978 ], [ -61.142708300000031, 12.958799100000025 ], [ -61.142751200000028, 12.9585733 ], [ -61.14288, 12.958422699999968 ], [ -61.14306279999996, 12.958342800000018 ], [ -61.143180400000013, 12.9582889 ], [ -61.143180400000013, 12.9580463 ], [ -61.1434808, 12.957954300000026 ], [ -61.143763699999958, 12.957933399999984 ], [ -61.144047299999976, 12.957912500000031 ], [ -61.144236099999965, 12.95799610000002 ], [ -61.144407799999961, 12.958021199999965 ], [ -61.144536500000036, 12.9578874 ], [ -61.145077300000018, 12.957854 ], [ -61.1455407, 12.957879 ], [ -61.145824, 12.958222 ], [ -61.146038599999976, 12.958506399999965 ], [ -61.146184499999968, 12.958740599999981 ], [ -61.146553500000039, 12.95905010000001 ], [ -61.146587900000043, 12.959209 ], [ -61.146527800000044, 12.9594934 ], [ -61.146793900000034, 12.9592508 ], [ -61.1473689, 12.95908350000002 ], [ -61.1477123, 12.9592174 ] ] ], [ [ [ -61.2481542, 12.965890400000031 ], [ -61.248424599999986, 12.966140799999966 ], [ -61.248645599999975, 12.966088 ], [ -61.248926200000014, 12.9660242 ], [ -61.249438500000032, 12.96558660000003 ], [ -61.24981989999997, 12.9654005 ], [ -61.2500479, 12.9648692 ], [ -61.250044099999961, 12.964321499999983 ], [ -61.250082699999957, 12.963927399999971 ], [ -61.250424399999986, 12.9629712 ], [ -61.25066159999998, 12.962823799999963 ], [ -61.2506607, 12.962270199999988 ], [ -61.250492, 12.96199 ], [ -61.250553199999985, 12.961527800000024 ], [ -61.251050099999972, 12.96132 ], [ -61.251313900000042, 12.96132 ], [ -61.2520724, 12.9604969 ], [ -61.25211, 12.95977 ], [ -61.252464500000031, 12.958840800000011 ], [ -61.25289260000001, 12.9582438 ], [ -61.253463900000028, 12.957526 ], [ -61.253867899999975, 12.9571156 ], [ -61.25476, 12.956699899999975 ], [ -61.254988, 12.956221600000013 ], [ -61.255638700000027, 12.9557673 ], [ -61.256168099999954, 12.95569519999998 ], [ -61.256381600000033, 12.955883899999961 ], [ -61.25779679999998, 12.955797700000023 ], [ -61.258609499999984, 12.955034400000017 ], [ -61.258883099999977, 12.9552038 ], [ -61.259132, 12.954997299999967 ], [ -61.259859899999974, 12.955074100000015 ], [ -61.26107990000002, 12.9548099 ], [ -61.261873200000018, 12.954155599999957 ], [ -61.262926799999974, 12.953834600000043 ], [ -61.263425600000033, 12.953866500000018 ], [ -61.2643322, 12.953539699999979 ], [ -61.264623, 12.953196299999988 ], [ -61.265315, 12.952895100000024 ], [ -61.265805300000025, 12.952906099999957 ], [ -61.266135199999965, 12.95295789999998 ], [ -61.26766, 12.9521499 ], [ -61.2679401, 12.950350100000037 ], [ -61.266651799999984, 12.949715 ], [ -61.266972100000018, 12.949126799999984 ], [ -61.266766100000027, 12.9489841 ], [ -61.266519300000034, 12.949358399999962 ], [ -61.266348700000044, 12.949292 ], [ -61.2663943, 12.94908809999998 ], [ -61.26596840000002, 12.948882700000038 ], [ -61.265776400000028, 12.948884 ], [ -61.2655945, 12.948566399999979 ], [ -61.265336499999961, 12.94870809999998 ], [ -61.265055900000014, 12.9486783 ], [ -61.264782799999978, 12.94879220000001 ], [ -61.2645125, 12.948754800000025 ], [ -61.264119299999969, 12.948355700000043 ], [ -61.263744799999976, 12.948712199999964 ], [ -61.263320499999956, 12.9488351 ], [ -61.263045799999965, 12.94907509999997 ], [ -61.262772399999989, 12.948837899999972 ], [ -61.262198799999958, 12.948827800000025 ], [ -61.2621081, 12.949096 ], [ -61.2622809, 12.949613 ], [ -61.2620019, 12.950215299999986 ], [ -61.2612246, 12.950617799999982 ], [ -61.260781799999954, 12.9512117 ], [ -61.2602649, 12.952172600000019 ], [ -61.259541800000029, 12.952874199999982 ], [ -61.2591196, 12.953029500000042 ], [ -61.25794010000002, 12.95286 ], [ -61.257720100000029, 12.9525428 ], [ -61.257579500000027, 12.952138599999959 ], [ -61.257087099999964, 12.9515123 ], [ -61.256655699999975, 12.950586 ], [ -61.256382700000039, 12.95022 ], [ -61.256132699999959, 12.949463 ], [ -61.255908499999968, 12.9491817 ], [ -61.2553957, 12.949231899999976 ], [ -61.255224, 12.948993499999968 ], [ -61.2549708, 12.949131 ], [ -61.255069900000038, 12.9494899 ], [ -61.254918200000013, 12.949608300000033 ], [ -61.254952600000017, 12.949826300000041 ], [ -61.254780900000021, 12.949818 ], [ -61.254758899999977, 12.950121699999968 ], [ -61.254245500000039, 12.950310400000038 ], [ -61.253954799999967, 12.950319800000017 ], [ -61.253396599999967, 12.950185 ], [ -61.252611500000022, 12.9503517 ], [ -61.25113, 12.94985 ], [ -61.249948100000012, 12.949328100000031 ], [ -61.249624499999967, 12.9495275 ], [ -61.249292, 12.9493396 ], [ -61.249168800000014, 12.949808099999956 ], [ -61.248500100000015, 12.950220100000028 ], [ -61.248658499999976, 12.950824300000015 ], [ -61.2488864, 12.9511472 ], [ -61.248656299999972, 12.951168299999967 ], [ -61.249033900000043, 12.9516098 ], [ -61.2491289, 12.951932699999976 ], [ -61.249394500000037, 12.952031499999979 ], [ -61.250060100000042, 12.9528099 ], [ -61.250521500000026, 12.9531126 ], [ -61.250598299999986, 12.953582100000023 ], [ -61.250060100000042, 12.95409 ], [ -61.249528099999985, 12.9551426 ], [ -61.2499, 12.956159899999971 ], [ -61.250235099999955, 12.957108799999968 ], [ -61.250598800000027, 12.9573561 ], [ -61.250500599999981, 12.957868899999976 ], [ -61.250298400000041, 12.9582772 ], [ -61.249900900000014, 12.958593 ], [ -61.249499, 12.958855 ], [ -61.248934199999965, 12.959145 ], [ -61.24848310000003, 12.959155 ], [ -61.2480598, 12.9597671 ], [ -61.247636, 12.960043200000023 ], [ -61.246798600000012, 12.960111099999956 ], [ -61.245877600000014, 12.959957899999981 ], [ -61.24476, 12.95998 ], [ -61.244268800000036, 12.9601493 ], [ -61.24528009999996, 12.961020100000027 ], [ -61.245848099999968, 12.9610918 ], [ -61.246554599999982, 12.961685700000032 ], [ -61.247293199999987, 12.961936099999967 ], [ -61.247899599999982, 12.962850500000041 ], [ -61.2481789, 12.963067399999957 ], [ -61.248196600000043, 12.9633298 ], [ -61.2482261, 12.963567699999963 ], [ -61.247875300000011, 12.9639148 ], [ -61.247661199999975, 12.963717199999987 ], [ -61.247537799999975, 12.963866800000019 ], [ -61.247302400000038, 12.963916400000038 ], [ -61.2467116, 12.963749399999987 ], [ -61.246201, 12.963507599999964 ], [ -61.245260099999989, 12.96386 ], [ -61.244813299999969, 12.963964 ], [ -61.24447, 12.9641 ], [ -61.243958699999958, 12.96414590000002 ], [ -61.24364439999998, 12.964560400000032 ], [ -61.244064899999955, 12.9646964 ], [ -61.2442543, 12.964602400000043 ], [ -61.2447053, 12.9646105 ], [ -61.2450413, 12.964343 ], [ -61.2452891, 12.9646158 ], [ -61.24577, 12.965140100000035 ], [ -61.246124899999955, 12.965220700000042 ], [ -61.246820100000015, 12.9657901 ], [ -61.246949399999963, 12.966061299999961 ], [ -61.247396800000033, 12.965982899999958 ], [ -61.247535699999979, 12.965775300000011 ], [ -61.2481542, 12.965890400000031 ] ] ], [ [ [ -61.2056594, 13.047888 ], [ -61.205584700000031, 13.047919899999989 ], [ -61.205594, 13.048106399999966 ], [ -61.2056734, 13.048129099999979 ], [ -61.205561299999957, 13.048238299999955 ], [ -61.205521799999978, 13.048280299999966 ], [ -61.205521799999978, 13.0483912 ], [ -61.2061436, 13.048029 ], [ -61.206500159962175, 13.047450064130224 ], [ -61.206495299999965, 13.047414900000039 ], [ -61.206532059010023, 13.04739827058939 ], [ -61.206735899999977, 13.047067299999966 ], [ -61.2081713133161, 13.046996440386412 ], [ -61.2081532, 13.046577799999966 ], [ -61.208181200000013, 13.046441300000041 ], [ -61.208283899999984, 13.0463367 ], [ -61.20841, 13.046254799999975 ], [ -61.208560102100556, 13.046166160862079 ], [ -61.208690599999976, 13.045759400000019 ], [ -61.210339178534014, 13.045334802489712 ], [ -61.2103654, 13.045156400000042 ], [ -61.210458546035234, 13.045036294186126 ], [ -61.210520441543416, 13.044690507122166 ], [ -61.210300799999978, 13.044388500000011 ], [ -61.210060399999982, 13.043856499999958 ], [ -61.210027899999957, 13.043186 ], [ -61.210107299999954, 13.042702899999988 ], [ -61.210243899999973, 13.042257099999961 ], [ -61.2100691, 13.041632 ], [ -61.210304, 13.04132449999998 ], [ -61.210491311182807, 13.041124196411065 ], [ -61.210613482255617, 13.040762854689099 ], [ -61.210428200000038, 13.040434699999988 ], [ -61.2106714, 13.039907599999985 ], [ -61.211148799999975, 13.0394891 ], [ -61.211725800000018, 13.039035799999972 ], [ -61.212066697453217, 13.038851154051574 ], [ -61.212540600000025, 13.038373399999966 ], [ -61.212899229147382, 13.038387076988041 ], [ -61.212918500000029, 13.0383759 ], [ -61.213100542119982, 13.038394754431788 ], [ -61.213335304572837, 13.038403707533604 ], [ -61.2134226, 13.038320400000021 ], [ -61.213467299999962, 13.038185699999978 ], [ -61.213471400000032, 13.03801540000001 ], [ -61.2134592, 13.037849100000017 ], [ -61.2135527, 13.037726299999981 ], [ -61.213678700000045, 13.037536199999973 ], [ -61.213951100000024, 13.037484699999975 ], [ -61.214235700000032, 13.037615400000043 ], [ -61.214573099999974, 13.037789699999987 ], [ -61.214817, 13.037904499999982 ], [ -61.215089399999968, 13.037975800000019 ], [ -61.215201985739988, 13.038050419453391 ], [ -61.215620599999959, 13.038142499999957 ], [ -61.215862874570583, 13.038759748029356 ], [ -61.215919136184176, 13.038778574030825 ], [ -61.216291013844398, 13.038619231882549 ], [ -61.2163457, 13.038566 ], [ -61.216451399999954, 13.0385145 ], [ -61.216483942099188, 13.038536565979538 ], [ -61.216632793800464, 13.038472785999218 ], [ -61.216618, 13.038447200000032 ], [ -61.216687635428592, 13.038449287457084 ], [ -61.217293714490999, 13.038195661166181 ], [ -61.217349800000036, 13.038165900000028 ], [ -61.21761, 13.038185699999978 ], [ -61.2178143, 13.038224199999966 ], [ -61.217834187207444, 13.038298153445822 ], [ -61.2179515, 13.038320400000021 ], [ -61.218132286067622, 13.038256525289789 ], [ -61.2181535, 13.038085899999981 ], [ -61.218905599999978, 13.037876 ], [ -61.21962520000001, 13.037582900000018 ], [ -61.220323898806463, 13.037482192232204 ], [ -61.220772199999963, 13.037323799999985 ], [ -61.220810461767229, 13.037307452034781 ], [ -61.220942400000013, 13.037206699999977 ], [ -61.221117114146899, 13.037176429795323 ], [ -61.2219106, 13.036837399999975 ], [ -61.222238190675128, 13.036573073821963 ], [ -61.222423900000024, 13.0362721 ], [ -61.2224289, 13.035946900000013 ], [ -61.222674299999959, 13.036018499999987 ], [ -61.2229345, 13.035943199999974 ], [ -61.223210900000041, 13.035547800000032 ], [ -61.223368600000029, 13.035077700000038 ], [ -61.223523599999979, 13.034892399999983 ], [ -61.223673599999955, 13.0347144 ], [ -61.223711399999971, 13.034437800000028 ], [ -61.2238557, 13.03423280000003 ], [ -61.224065400000043, 13.03408240000002 ], [ -61.224126679564307, 13.034043695539317 ], [ -61.22422879999997, 13.033833899999976 ], [ -61.224939599999985, 13.032718300000042 ], [ -61.225286233122105, 13.032631709245386 ], [ -61.225347499999984, 13.032572 ], [ -61.225727499999984, 13.0324934 ], [ -61.225839901533668, 13.0324934 ], [ -61.226479599999955, 13.0323336 ], [ -61.227543194263284, 13.031789157336078 ], [ -61.227548799999958, 13.0317409 ], [ -61.227678899999972, 13.03161809999996 ], [ -61.227813099999977, 13.031558700000019 ], [ -61.228089500000017, 13.031542800000036 ], [ -61.228467600000037, 13.031673500000014 ], [ -61.228496892890377, 13.031737299999964 ], [ -61.228941740131994, 13.031737299999964 ], [ -61.229423434910281, 13.031435836573742 ], [ -61.229821595700486, 13.030971921921182 ], [ -61.229837499999967, 13.0307114 ], [ -61.229998499999965, 13.030648700000043 ], [ -61.230198642231549, 13.03052542160242 ], [ -61.230398977330196, 13.030238563141435 ], [ -61.230472099999979, 13.029858500000032 ], [ -61.230917499999975, 13.029364 ], [ -61.231212499999955, 13.028762699999959 ], [ -61.231734628049196, 13.02833462755429 ], [ -61.23181696665322, 13.028219444401852 ], [ -61.23198390000001, 13.027528599999989 ], [ -61.23208319999997, 13.0271177 ], [ -61.232187199999956, 13.0268858 ], [ -61.2322488, 13.0267891 ], [ -61.232349499999977, 13.026762500000018 ], [ -61.232535800000022, 13.026734199999986 ], [ -61.232594900000031, 13.0266506 ], [ -61.232610900000019, 13.026504199999962 ], [ -61.232771900000017, 13.026499 ], [ -61.23308897521828, 13.026523075911996 ], [ -61.233172938338825, 13.026499617145777 ], [ -61.233426299999984, 13.0263736 ], [ -61.233660199999974, 13.026158400000039 ], [ -61.234061300000036, 13.026084599999972 ], [ -61.234193400000038, 13.026020800000023 ], [ -61.234343699999954, 13.026028599999957 ], [ -61.234544499999956, 13.026073400000023 ], [ -61.234684857939008, 13.026077196348059 ], [ -61.235365695220047, 13.025886974707042 ], [ -61.2355712, 13.0258026 ], [ -61.235561399999987, 13.025485100000019 ], [ -61.23568479999998, 13.0252133 ], [ -61.235674899999964, 13.025007 ], [ -61.235952099999984, 13.024704800000027 ], [ -61.236107799999985, 13.024416 ], [ -61.236226599999959, 13.024168100000029 ], [ -61.236339200000039, 13.0239433 ], [ -61.236514399999969, 13.023657200000034 ], [ -61.236779100000021, 13.023493800000015 ], [ -61.237011499999973, 13.023493199999965 ], [ -61.237366400000028, 13.02335670000004 ], [ -61.237824099999976, 13.023411300000028 ], [ -61.237947888469137, 13.023515826594519 ], [ -61.2381679, 13.0232929 ], [ -61.238564556193666, 13.023059355169682 ], [ -61.238828300000016, 13.0226681 ], [ -61.239423200000033, 13.0222442 ], [ -61.239595399999985, 13.022182 ], [ -61.239772399999971, 13.021975599999987 ], [ -61.240201799999973, 13.0219209 ], [ -61.240522923065093, 13.021906300040616 ], [ -61.240912199999954, 13.02167709999998 ], [ -61.242187778106384, 13.021217179694496 ], [ -61.24248870000001, 13.0210537 ], [ -61.2427569, 13.020910599999976 ], [ -61.243280200000044, 13.020629299999971 ], [ -61.243642800000025, 13.020049599999968 ], [ -61.24379039999998, 13.019903300000031 ], [ -61.244010299999964, 13.019783 ], [ -61.2444273, 13.019604299999983 ], [ -61.244629899999985, 13.019357099999958 ], [ -61.244973199999968, 13.019061800000038 ], [ -61.245051, 13.019106199999982 ], [ -61.2453139, 13.019056599999963 ], [ -61.2453698, 13.018794899999982 ], [ -61.246431, 13.0182853 ], [ -61.246612100000036, 13.018063500000039 ], [ -61.246881899999977, 13.017983399999984 ], [ -61.247313499999983, 13.017824 ], [ -61.2477151, 13.017769400000041 ], [ -61.247849800000033, 13.017739 ], [ -61.248116800000012, 13.0177603 ], [ -61.248294200000032, 13.0177421 ], [ -61.2484343, 13.017824 ], [ -61.248537099999972, 13.017851299999979 ], [ -61.248630499999969, 13.017842200000025 ], [ -61.248864, 13.0175328 ], [ -61.248938699999982, 13.0171506 ], [ -61.2486211, 13.016804799999989 ], [ -61.248602400000046, 13.016449900000023 ], [ -61.2487425, 13.01570370000001 ], [ -61.2490247, 13.014716 ], [ -61.2488959, 13.0143919 ], [ -61.248971, 13.014162 ], [ -61.2488745, 13.013764699999982 ], [ -61.2487243, 13.013587 ], [ -61.2487028, 13.013221200000043 ], [ -61.2487564, 13.012938899999956 ], [ -61.248651799999955, 13.012386 ], [ -61.248617, 13.012154900000013 ], [ -61.248327300000021, 13.012092199999977 ], [ -61.247554799999961, 13.012259499999963 ], [ -61.247372399999968, 13.012060800000043 ], [ -61.246964699999985, 13.011475500000021 ], [ -61.2468789, 13.011172299999981 ], [ -61.246964699999985, 13.01097369999998 ], [ -61.247125699999984, 13.0107228 ], [ -61.247093499999984, 13.010545099999955 ], [ -61.2468467, 13.0104824 ], [ -61.2467823, 13.0102106 ], [ -61.2465248, 13.0102001 ], [ -61.246331700000013, 13.010398800000019 ], [ -61.24602060000003, 13.010440600000013 ], [ -61.245729700000034, 13.010635399999966 ], [ -61.245430499999969, 13.011130499999986 ], [ -61.245344699999976, 13.011318700000015 ], [ -61.245248099999976, 13.011496399999974 ], [ -61.2449692, 13.0116009 ], [ -61.2448404, 13.011726299999989 ], [ -61.2447117, 13.011726299999989 ], [ -61.244445, 13.011844700000015 ], [ -61.244322699999969, 13.011996100000019 ], [ -61.244186, 13.0121654 ], [ -61.244057200000029, 13.01222810000003 ], [ -61.243520799999963, 13.012102699999957 ], [ -61.242995099999987, 13.011789100000033 ], [ -61.2426946, 13.011705400000036 ], [ -61.242340600000013, 13.011778599999964 ], [ -61.242093800000021, 13.0118831 ], [ -61.241733, 13.0121439 ], [ -61.241552700000014, 13.012327800000019 ], [ -61.241312400000027, 13.0124198 ], [ -61.240848899999961, 13.01258709999998 ], [ -61.2401817, 13.012693800000015 ], [ -61.239441300000024, 13.0123362 ], [ -61.238995, 13.012035099999959 ], [ -61.238840499999959, 13.011826099999986 ], [ -61.238746, 13.011600299999955 ], [ -61.238866199999954, 13.011366100000028 ], [ -61.238583, 13.011491600000021 ], [ -61.238119499999989, 13.011692300000018 ], [ -61.237891500000046, 13.011712700000018 ], [ -61.237261200000027, 13.011508299999981 ], [ -61.237038, 13.011667199999984 ], [ -61.23666039999997, 13.0114581 ], [ -61.236428599999975, 13.011290900000024 ], [ -61.236154, 13.0108978 ], [ -61.2360252, 13.010613500000019 ], [ -61.2359566, 13.010228799999986 ], [ -61.2360166, 13.00996119999996 ], [ -61.2359823, 13.009559799999966 ], [ -61.2360252, 13.0093089 ], [ -61.2360939, 13.009091500000032 ], [ -61.236214, 13.008874 ], [ -61.236497299999975, 13.008614800000025 ], [ -61.236754799999964, 13.008497700000017 ], [ -61.237098100000033, 13.008288600000036 ], [ -61.23740710000002, 13.008096300000023 ], [ -61.23760450000001, 13.007845399999958 ], [ -61.2377504, 13.007594499999982 ], [ -61.2379307, 13.00736870000004 ], [ -61.2380165, 13.0069506 ], [ -61.238105399999981, 13.006596099999975 ], [ -61.238110899999988, 13.006574300000036 ], [ -61.238308299999979, 13.006139400000023 ], [ -61.238454199999971, 13.005721199999972 ], [ -61.238686, 13.005211100000043 ], [ -61.238874799999955, 13.005010399999957 ], [ -61.238900500000042, 13.004801299999976 ], [ -61.238840499999959, 13.0045922 ], [ -61.238943499999955, 13.004399899999981 ], [ -61.239338300000028, 13.004333 ], [ -61.2398447, 13.004132299999956 ], [ -61.2401623, 13.004006799999964 ], [ -61.240316799999988, 13.0038312 ], [ -61.240376799999979, 13.0036305 ], [ -61.240351099999984, 13.0032291 ], [ -61.24038539999998, 13.002861100000025 ], [ -61.240505599999977, 13.002417900000037 ], [ -61.240788799999962, 13.001824100000022 ], [ -61.241312400000027, 13.0008791 ], [ -61.241793, 13.000469300000013 ], [ -61.2421879, 13.000118 ], [ -61.242547199999969, 12.9998444 ], [ -61.242874499999957, 12.999900600000032 ], [ -61.243286500000032, 12.999817 ], [ -61.243595500000019, 12.999900600000032 ], [ -61.2438444, 12.999725 ], [ -61.2439302, 12.999373699999957 ], [ -61.243934, 12.9990361 ], [ -61.2441019, 12.998788300000015 ], [ -61.244490099999965, 12.998370099999963 ], [ -61.244745599999966, 12.998102500000027 ], [ -61.245123300000039, 12.997692699999959 ], [ -61.24551810000002, 12.997182600000031 ], [ -61.2458528, 12.9967979 ], [ -61.246496599999979, 12.9963212 ], [ -61.24713, 12.995939899999971 ], [ -61.24766390000002, 12.995652099999962 ], [ -61.2483248, 12.995484799999975 ], [ -61.248659499999974, 12.995627 ], [ -61.249174500000038, 12.995969899999967 ], [ -61.2498697, 12.996229200000016 ], [ -61.250856799999966, 12.996413199999964 ], [ -61.251311700000038, 12.9963964 ], [ -61.25184380000001, 12.996547 ], [ -61.25212, 12.996360100000011 ], [ -61.253054, 12.996304400000021 ], [ -61.253783600000013, 12.996304400000021 ], [ -61.2542986, 12.996496800000042 ], [ -61.255337100000034, 12.996337900000039 ], [ -61.2563156, 12.996379700000034 ], [ -61.256770499999973, 12.996455 ], [ -61.2579807, 12.9963212 ], [ -61.258452799999986, 12.996429900000013 ], [ -61.259045, 12.996329499999966 ], [ -61.259714500000022, 12.996179 ], [ -61.260281, 12.9959616 ], [ -61.260847499999976, 12.995886299999977 ], [ -61.261791600000016, 12.996011699999961 ], [ -61.262641299999977, 12.996204099999982 ], [ -61.262675599999973, 12.9963964 ], [ -61.262830099999967, 12.996530299999971 ], [ -61.26298459999996, 12.996538600000036 ], [ -61.263242100000042, 12.996413199999964 ], [ -61.26336230000004, 12.996421500000029 ], [ -61.263516800000033, 12.9964801 ], [ -61.263722800000025, 12.996496800000042 ], [ -61.263971700000013, 12.9963964 ], [ -61.2643493, 12.9963546 ], [ -61.265370700000034, 12.996137200000042 ], [ -61.2671, 12.99543 ], [ -61.267516500000035, 12.995468100000014 ], [ -61.268083, 12.99505 ], [ -61.2684606, 12.994899400000033 ], [ -61.268735299999982, 12.994882699999984 ], [ -61.2689501, 12.99467 ], [ -61.269078599999965, 12.994489599999966 ], [ -61.26947, 12.99441 ], [ -61.26973090000002, 12.994263800000024 ], [ -61.2702116, 12.993828900000011 ], [ -61.270494799999987, 12.993736900000037 ], [ -61.270846699999971, 12.993695100000043 ], [ -61.271584900000036, 12.993904200000024 ], [ -61.272065500000011, 12.994146700000016 ], [ -61.2724689, 12.994380900000031 ], [ -61.272838, 12.994707100000021 ], [ -61.27314, 12.99521 ], [ -61.273387300000039, 12.995300900000036 ], [ -61.273729268563287, 12.995393028074716 ], [ -61.273850800000019, 12.995376100000041 ], [ -61.274065400000012, 12.995292499999962 ], [ -61.2741855, 12.995142 ], [ -61.2741855, 12.994740500000031 ], [ -61.2743315, 12.994740500000031 ], [ -61.2744602, 12.994924499999978 ], [ -61.27502669999997, 12.9949161 ], [ -61.275241299999962, 12.994807399999971 ], [ -61.27537, 12.994539800000034 ], [ -61.275455800000039, 12.994171799999961 ], [ -61.275335699999957, 12.993427500000017 ], [ -61.275344299999958, 12.993084599999978 ], [ -61.275318499999955, 12.9927919 ], [ -61.27526, 12.99265 ], [ -61.27527, 12.9923999 ], [ -61.275610300000032, 12.992248299999972 ], [ -61.275910700000018, 12.992081 ], [ -61.2764772, 12.992047499999966 ], [ -61.276556299999967, 12.992065300000018 ], [ -61.276557170202011, 12.992103789705308 ], [ -61.276728717387442, 12.992224538937787 ], [ -61.276783500000022, 12.992218 ], [ -61.2768593, 12.992148 ], [ -61.276964, 12.9920392 ], [ -61.27714630000002, 12.991989499999963 ], [ -61.277242900000019, 12.992026099999972 ], [ -61.2773673, 12.9919782 ], [ -61.277656, 12.992007799999968 ], [ -61.277732448554602, 12.992022316771308 ], [ -61.27879675145428, 12.99202911979603 ], [ -61.278875, 12.991977799999972 ], [ -61.279155099999961, 12.991361699999977 ], [ -61.27945550000004, 12.991294800000038 ], [ -61.280090700000017, 12.99142030000003 ], [ -61.283292199999963, 12.99081810000003 ], [ -61.283532500000042, 12.9907178 ], [ -61.283704200000038, 12.990642499999979 ], [ -61.283884400000026, 12.990558899999989 ], [ -61.284167600000011, 12.990675899999989 ], [ -61.284379251878164, 12.990825424594206 ], [ -61.2845163, 12.9907931 ], [ -61.285522500000027, 12.9906449 ], [ -61.285678399999959, 12.9905311 ], [ -61.285773700000028, 12.990469699999981 ], [ -61.28579, 12.990399899999979 ], [ -61.286351699999976, 12.990058100000031 ], [ -61.286797199999981, 12.989869100000025 ], [ -61.286840099999978, 12.98979369779661 ], [ -61.286840099999978, 12.989655947435004 ], [ -61.28663059999996, 12.989639899999979 ], [ -61.286158599999986, 12.9896713 ], [ -61.286104482466776, 12.989647131004574 ], [ -61.284741231505059, 12.98969759567062 ], [ -61.2844552, 12.9898731 ], [ -61.284412400000015, 12.989747099999967 ], [ -61.284253500000013, 12.9897894 ], [ -61.284235802885128, 12.989791913199785 ], [ -61.284219300000025, 12.989822900000021 ], [ -61.284149600000028, 12.989898699999987 ], [ -61.284055849235635, 12.989817468747596 ], [ -61.283712700000031, 12.989866199999963 ], [ -61.283541100000043, 12.989722499999974 ], [ -61.283240699999965, 12.9895887 ], [ -61.283124717305853, 12.989413796554146 ], [ -61.283028399999985, 12.989368099999961 ], [ -61.28285910000001, 12.98927039999996 ], [ -61.282600731619901, 12.98908705430631 ], [ -61.281860100000046, 12.98908 ], [ -61.281850100000014, 12.98933 ], [ -61.28132989999996, 12.98908 ], [ -61.2808, 12.98998 ], [ -61.2805456, 12.990149 ], [ -61.280210900000014, 12.990316299999989 ], [ -61.279927600000022, 12.990333 ], [ -61.279730200000031, 12.990324699999974 ], [ -61.279498500000045, 12.990257800000034 ], [ -61.279141700000011, 12.990361800000024 ], [ -61.278986853342204, 12.990406917588977 ], [ -61.278975600000031, 12.990418800000032 ], [ -61.278890800000035, 12.990474899999967 ], [ -61.278785814610139, 12.990465498323285 ], [ -61.277146056180925, 12.990943364783643 ], [ -61.27701220000003, 12.991012 ], [ -61.2768057, 12.9911087 ], [ -61.276522700000029, 12.9911946 ], [ -61.276309499999975, 12.99124459999997 ], [ -61.276065200000012, 12.99121119999996 ], [ -61.275756200000025, 12.991278099999988 ], [ -61.275232699999961, 12.9913116 ], [ -61.274726299999983, 12.991378500000035 ], [ -61.273498900000035, 12.991411899999957 ], [ -61.272563299999987, 12.9913534 ], [ -61.27222, 12.991244699999978 ], [ -61.271790900000028, 12.991244699999978 ], [ -61.271404600000039, 12.991161 ], [ -61.27141320000004, 12.990617400000033 ], [ -61.271396, 12.990450099999958 ], [ -61.271275899999956, 12.990625800000018 ], [ -61.271224399999959, 12.990767899999963 ], [ -61.271018399999967, 12.99081810000003 ], [ -61.2703403, 12.9907094 ], [ -61.269859700000019, 12.990701 ], [ -61.269387600000037, 12.990684299999973 ], [ -61.268392, 12.990416700000036 ], [ -61.2682203, 12.990299600000029 ], [ -61.2681001, 12.990165799999971 ], [ -61.2680572, 12.989998499999984 ], [ -61.268121299999983, 12.98987069999998 ], [ -61.26822050000002, 12.9896724 ], [ -61.268186, 12.9895134 ], [ -61.267911300000016, 12.989379600000024 ], [ -61.26768820000003, 12.989296 ], [ -61.260392499999988, 12.987522899999966 ], [ -61.256573099999983, 12.986628 ], [ -61.256470099999987, 12.98668659999996 ], [ -61.256392799999986, 12.986862200000012 ], [ -61.2563156, 12.987154899999982 ], [ -61.2562298, 12.987556399999985 ], [ -61.256676099999979, 12.98816689999996 ], [ -61.256487299999989, 12.988083299999971 ], [ -61.25597230000001, 12.987715299999987 ], [ -61.255620400000026, 12.987522899999966 ], [ -61.255234100000038, 12.987322199999969 ], [ -61.25481359999997, 12.9872302 ], [ -61.2542557, 12.987096400000027 ], [ -61.2539123, 12.987046199999959 ], [ -61.253577600000021, 12.986853800000027 ], [ -61.253071199999958, 12.98661970000002 ], [ -61.252590499999975, 12.986402199999965 ], [ -61.2522043, 12.9862684 ], [ -61.251740800000015, 12.986042599999966 ], [ -61.251818100000015, 12.985733100000026 ], [ -61.251131400000041, 12.985482199999961 ], [ -61.25119150000004, 12.985231299999985 ], [ -61.251062799999957, 12.9851811 ], [ -61.2508475, 12.9856674 ], [ -61.250504899999981, 12.985674599999982 ], [ -61.2500671, 12.985574200000023 ], [ -61.249715200000011, 12.985515699999979 ], [ -61.249457700000022, 12.985557499999974 ], [ -61.24869379999997, 12.985473899999985 ], [ -61.248230299999989, 12.985356799999977 ], [ -61.247490300000045, 12.9851661 ], [ -61.246340400000022, 12.9849643 ], [ -61.2457412, 12.984804799999957 ], [ -61.24526060000003, 12.984804799999957 ], [ -61.244728399999964, 12.9848215 ], [ -61.2440761, 12.98467089999998 ], [ -61.243784899999966, 12.984593499999971 ], [ -61.243439199999962, 12.9845016 ], [ -61.243166300000034, 12.9845873 ], [ -61.242968900000044, 12.984679299999964 ], [ -61.242780099999962, 12.9849051 ], [ -61.242471099999975, 12.985256400000019 ], [ -61.242213599999985, 12.98549890000001 ], [ -61.2421278, 12.985724799999961 ], [ -61.2421364, 12.985883699999963 ], [ -61.242230799999987, 12.986042599999966 ], [ -61.242471099999975, 12.986276799999981 ], [ -61.242565499999969, 12.986477499999978 ], [ -61.242582699999971, 12.98665310000003 ], [ -61.242522599999972, 12.986820400000017 ], [ -61.242393899999982, 12.986970900000035 ], [ -61.242144899999985, 12.9871047 ], [ -61.2419304, 12.987205099999962 ], [ -61.241578500000017, 12.987489499999956 ], [ -61.241363900000025, 12.987681799999969 ], [ -61.241115, 12.9878324 ], [ -61.240788799999962, 12.987932700000034 ], [ -61.24036, 12.988020099999982 ], [ -61.2401966, 12.988125099999966 ], [ -61.2401279, 12.988292400000041 ], [ -61.240085, 12.98845960000002 ], [ -61.2401279, 12.988593399999989 ], [ -61.240273799999983, 12.988685399999962 ], [ -61.2404791, 12.988707600000023 ], [ -61.240505599999977, 12.9887105 ], [ -61.240591399999971, 12.98880249999997 ], [ -61.240677199999965, 12.9889949 ], [ -61.240735900000026, 12.989228599999965 ], [ -61.240737299999964, 12.9894298 ], [ -61.240703, 12.989722499999974 ], [ -61.240557099999975, 12.990032 ], [ -61.240299599999986, 12.990466900000015 ], [ -61.2399648, 12.990767899999963 ], [ -61.239518500000017, 12.99114430000002 ], [ -61.239202399999975, 12.991342499999988 ], [ -61.2385276, 12.9917657 ], [ -61.2377847, 12.992164599999974 ], [ -61.237166800000033, 12.992398799999989 ], [ -61.236763399999965, 12.992490799999963 ], [ -61.236257, 12.992616200000036 ], [ -61.235424400000021, 12.992607899999971 ], [ -61.235063900000036, 12.992524199999973 ], [ -61.23478929999996, 12.99234860000001 ], [ -61.234411599999973, 12.9921897 ], [ -61.2340168, 12.9920392 ], [ -61.233499900000034, 12.99198 ], [ -61.233184200000025, 12.9917548 ], [ -61.232978200000034, 12.991570799999959 ], [ -61.232892399999955, 12.991370099999962 ], [ -61.232832299999956, 12.991094100000041 ], [ -61.232780799999958, 12.990776300000036 ], [ -61.232557699999973, 12.990483599999976 ], [ -61.232411699999972, 12.990057 ], [ -61.232446099999976, 12.989664 ], [ -61.232428899999974, 12.989346200000014 ], [ -61.232557699999973, 12.989112 ], [ -61.232686399999963, 12.988944700000012 ], [ -61.232875200000038, 12.98901160000004 ], [ -61.232961099999955, 12.988693800000036 ], [ -61.233175600000024, 12.988543300000018 ], [ -61.233390200000017, 12.988317499999987 ], [ -61.233510400000014, 12.988058200000026 ], [ -61.2335962, 12.987723599999963 ], [ -61.233682, 12.9875146 ], [ -61.2337593, 12.987280399999975 ], [ -61.2337421, 12.987096400000027 ], [ -61.233561900000012, 12.9868706 ], [ -61.233304400000023, 12.986728400000043 ], [ -61.233072600000028, 12.986636399999981 ], [ -61.232840899999957, 12.986636399999981 ], [ -61.23260919999997, 12.986644699999957 ], [ -61.232437499999975, 12.986636399999981 ], [ -61.232300199999983, 12.98665310000003 ], [ -61.232188599999986, 12.986736700000019 ], [ -61.232077, 12.986812 ], [ -61.2319386, 12.986885299999969 ], [ -61.231871, 12.987004399999964 ], [ -61.2318538, 12.987088 ], [ -61.2319053, 12.987205099999962 ], [ -61.2319311, 12.9873473 ], [ -61.2319397, 12.9875146 ], [ -61.2318538, 12.987656700000024 ], [ -61.2317079, 12.987740400000021 ], [ -61.231493300000011, 12.987735499999971 ], [ -61.231158700000037, 12.987727899999964 ], [ -61.23109, 12.987614900000029 ], [ -61.231029900000038, 12.9875146 ], [ -61.230961200000039, 12.987397499999982 ], [ -61.230832499999956, 12.987397499999982 ], [ -61.230823899999955, 12.987573100000034 ], [ -61.230789500000043, 12.987656700000024 ], [ -61.230695099999956, 12.9876651 ], [ -61.230600699999961, 12.987573100000034 ], [ -61.230386099999969, 12.987405799999959 ], [ -61.230223099999982, 12.9875062 ], [ -61.230128599999979, 12.987606599999964 ], [ -61.230051399999986, 12.987715299999987 ], [ -61.230102899999984, 12.9879076 ], [ -61.230188699999978, 12.988049800000042 ], [ -61.230300299999975, 12.988217100000028 ], [ -61.230240199999976, 12.988342500000012 ], [ -61.230217699999983, 12.9885935 ], [ -61.230117899999982, 12.988701100000018 ], [ -61.2299205, 12.988585100000012 ], [ -61.2296137, 12.988718899999981 ], [ -61.229381900000014, 12.988777400000025 ], [ -61.229295, 12.988807699999956 ], [ -61.229286500000029, 12.98892379999997 ], [ -61.229239200000023, 12.98906180000002 ], [ -61.229158800000029, 12.989285499999966 ], [ -61.229018200000034, 12.989403699999976 ], [ -61.228856200000038, 12.9895134 ], [ -61.228815400000038, 12.989697400000029 ], [ -61.229004300000035, 12.989898100000026 ], [ -61.228969900000031, 12.990032 ], [ -61.2292378, 12.990196400000016 ], [ -61.2294064, 12.990299799999956 ], [ -61.229545, 12.990517 ], [ -61.229492899999961, 12.990719599999963 ], [ -61.229493500000011, 12.990935200000038 ], [ -61.229381900000014, 12.9911527 ], [ -61.229373300000013, 12.991445399999975 ], [ -61.229510700000013, 12.991654499999957 ], [ -61.229562200000011, 12.9918719 ], [ -61.2297167, 12.9921563 ], [ -61.2299055, 12.992323499999976 ], [ -61.2299484, 12.992566099999976 ], [ -61.2299742, 12.992867100000012 ], [ -61.2299055, 12.993143100000022 ], [ -61.2300171, 12.99332709999997 ], [ -61.230091899999962, 12.993664 ], [ -61.230077099999981, 12.994088199999972 ], [ -61.229991299999988, 12.994288899999969 ], [ -61.2297939, 12.994372499999958 ], [ -61.2296308, 12.9943976 ], [ -61.229339, 12.994456199999956 ], [ -61.229004300000035, 12.9943976 ], [ -61.228781099999956, 12.99420529999998 ], [ -61.228729599999959, 12.994004599999982 ], [ -61.228781099999956, 12.993887499999975 ], [ -61.228746799999961, 12.993787100000016 ], [ -61.228609399999961, 12.993745300000022 ], [ -61.228472099999969, 12.993778700000032 ], [ -61.228300499999982, 12.993745300000022 ], [ -61.228188899999985, 12.993661700000033 ], [ -61.228180299999984, 12.9935529 ], [ -61.228051499999985, 12.9934777 ], [ -61.2279657, 12.993661700000033 ], [ -61.228077299999988, 12.993803799999977 ], [ -61.2279056, 12.9938707 ], [ -61.2278541, 12.994012899999959 ], [ -61.2278724, 12.994256 ], [ -61.227837, 12.994564899999979 ], [ -61.2278198, 12.994882699999984 ], [ -61.2276653, 12.995225600000023 ], [ -61.227236200000029, 12.995292499999962 ], [ -61.226789800000041, 12.9952758 ], [ -61.226437899999965, 12.995284099999978 ], [ -61.226360699999972, 12.995075 ], [ -61.226137499999979, 12.994983100000031 ], [ -61.2258285, 12.994958 ], [ -61.225631500000034, 12.995115499999972 ], [ -61.2256655, 12.995234 ], [ -61.2255195, 12.995300900000036 ], [ -61.225339300000016, 12.9953176 ], [ -61.22510760000003, 12.99540959999997 ], [ -61.224832900000038, 12.995551800000012 ], [ -61.224927300000033, 12.995785900000019 ], [ -61.224695599999961, 12.995760799999985 ], [ -61.224606599999966, 12.9959992 ], [ -61.224403699999968, 12.996304400000021 ], [ -61.224240699999982, 12.996639 ], [ -61.224103299999982, 12.9968731 ], [ -61.224094799999989, 12.99723280000001 ], [ -61.2239231, 12.99757560000004 ], [ -61.2237299, 12.99835 ], [ -61.223528300000012, 12.998428700000016 ], [ -61.223305100000019, 12.9983952 ], [ -61.223133400000023, 12.998495599999956 ], [ -61.22279010000004, 12.998328299999969 ], [ -61.22267, 12.99817780000004 ], [ -61.222532599999958, 12.998094199999962 ], [ -61.222515499999965, 12.997926899999975 ], [ -61.22235239999997, 12.997826500000016 ], [ -61.222189299999975, 12.997851599999962 ], [ -61.222180699999974, 12.998010499999964 ], [ -61.22208629999998, 12.998127599999972 ], [ -61.2217945, 12.998261400000029 ], [ -61.2214082, 12.998729799999971 ], [ -61.221047800000029, 12.998930499999968 ], [ -61.220893300000036, 12.999164599999975 ], [ -61.220689799999988, 12.999334800000025 ], [ -61.220687299999959, 12.999457400000043 ], [ -61.220498399999961, 12.999440599999986 ], [ -61.2198633, 12.99941550000004 ], [ -61.219643500000011, 12.999831099999966 ], [ -61.219236700000017, 12.999925699999977 ], [ -61.218919200000038, 12.999942400000027 ], [ -61.218738900000041, 12.999950800000011 ], [ -61.21829259999997, 13.000109700000014 ], [ -61.218696, 13.0001599 ], [ -61.218953500000033, 13.0001933 ], [ -61.218944900000032, 13.000444199999979 ], [ -61.218814399999978, 13.000625 ], [ -61.218138099999976, 13.000762 ], [ -61.218412799999967, 13.000895800000041 ], [ -61.21828289999997, 13.000983099999981 ], [ -61.218395599999965, 13.0011132 ], [ -61.218524299999956, 13.001213599999957 ], [ -61.218644500000046, 13.001314 ], [ -61.218301199999971, 13.001380900000033 ], [ -61.218670299999957, 13.001414300000043 ], [ -61.2194341, 13.00164849999997 ], [ -61.2195886, 13.001840799999982 ], [ -61.2196401, 13.002066600000013 ], [ -61.2195801, 13.002175300000037 ], [ -61.219374100000017, 13.002325899999974 ], [ -61.219288200000015, 13.002426200000013 ], [ -61.219159500000025, 13.002417900000037 ], [ -61.21899640000003, 13.0025517 ], [ -61.218841900000037, 13.002668800000013 ], [ -61.218909446753557, 13.002994452501778 ], [ -61.2190744, 13.0030743 ], [ -61.21910160000003, 13.0032247 ], [ -61.219058, 13.003375 ], [ -61.218991434001126, 13.003389724677746 ], [ -61.219206795491104, 13.004428013037035 ], [ -61.219229, 13.004446700000035 ], [ -61.219695599999973, 13.0046117 ], [ -61.2200565, 13.004776599999975 ], [ -61.220339300000028, 13.0049797 ], [ -61.220393, 13.0051278 ], [ -61.22052549999998, 13.005493200000025 ], [ -61.220530300000021, 13.005973399999966 ], [ -61.220494399999986, 13.0064537 ], [ -61.220395399999965, 13.006892 ], [ -61.220112199999981, 13.007536 ], [ -61.219829, 13.007736700000024 ], [ -61.2195028, 13.007887200000042 ], [ -61.219159500000025, 13.007820300000013 ], [ -61.217930600000038, 13.007923 ], [ -61.217194, 13.008021 ], [ -61.216275599999975, 13.008338800000015 ], [ -61.215983799999989, 13.008472599999983 ], [ -61.2158207, 13.0085813 ], [ -61.215940799999984, 13.008765300000043 ], [ -61.2158121, 13.0089409 ], [ -61.215752, 13.009166700000037 ], [ -61.215752, 13.0093842 ], [ -61.216215499999976, 13.0097019 ], [ -61.2165485, 13.01028920000001 ], [ -61.216524499999963, 13.01052990000003 ], [ -61.216344199999966, 13.010931300000024 ], [ -61.216610299999957, 13.011073399999969 ], [ -61.2168106, 13.0114269 ], [ -61.217048100000028, 13.011683900000033 ], [ -61.217099500000018, 13.0124198 ], [ -61.216713300000038, 13.0137328 ], [ -61.216618899999958, 13.014259599999985 ], [ -61.216473, 13.014527200000011 ], [ -61.216078199999984, 13.0146945 ], [ -61.2156662, 13.014702799999974 ], [ -61.2155117, 13.014861699999976 ], [ -61.21539150000001, 13.015003900000018 ], [ -61.215365800000015, 13.015112600000041 ], [ -61.215082500000022, 13.0151711 ], [ -61.215116900000027, 13.0152548 ], [ -61.21539150000001, 13.015313300000038 ], [ -61.215297100000015, 13.015430399999957 ], [ -61.215374400000016, 13.015606 ], [ -61.21534, 13.015739799999977 ], [ -61.2154773, 13.015982299999969 ], [ -61.2154945, 13.016233200000034 ], [ -61.2154859, 13.016400400000013 ], [ -61.2154945, 13.016542599999966 ], [ -61.2156576, 13.016785099999957 ], [ -61.216086699999977, 13.016734899999978 ], [ -61.216225199999975, 13.0167878 ], [ -61.216970800000027, 13.016952400000033 ], [ -61.217202500000013, 13.016818499999967 ], [ -61.2176574, 13.01676 ], [ -61.2178034, 13.01687710000002 ], [ -61.217880599999987, 13.0170025 ], [ -61.218249599999965, 13.01705410000001 ], [ -61.218653099999955, 13.0170862 ], [ -61.2196659, 13.017094499999978 ], [ -61.220555, 13.017626899999975 ], [ -61.22055849999996, 13.017797 ], [ -61.220704400000038, 13.0179224 ], [ -61.220979, 13.017880700000013 ], [ -61.221247500000032, 13.0180415 ], [ -61.222807300000042, 13.0185161 ], [ -61.222933, 13.018931099999971 ], [ -61.222961800000036, 13.019026200000024 ], [ -61.222953200000035, 13.019645099999984 ], [ -61.222807300000042, 13.020289 ], [ -61.222057700000015, 13.021433800000011 ], [ -61.222017499999971, 13.021484799999968 ], [ -61.221451200000011, 13.02136769999996 ], [ -61.221228, 13.021225600000015 ], [ -61.220927600000032, 13.021125199999968 ], [ -61.220455499999964, 13.021426300000012 ], [ -61.220180899999981, 13.021802599999972 ], [ -61.2197174, 13.0220702 ], [ -61.219296800000016, 13.022120299999969 ], [ -61.218680900000038, 13.021965599999959 ], [ -61.21836129999997, 13.021819300000022 ], [ -61.218232499999971, 13.022061800000014 ], [ -61.218326899999965, 13.022295900000021 ], [ -61.21854279999998, 13.0223772 ], [ -61.218653099999955, 13.0227057 ], [ -61.218489, 13.023271700000024 ], [ -61.218721700000039, 13.023625499999987 ], [ -61.218653099999955, 13.023909899999982 ], [ -61.218412799999967, 13.024210900000018 ], [ -61.2178463, 13.024637399999957 ], [ -61.217357, 13.0249384 ], [ -61.216421499999967, 13.025231099999964 ], [ -61.2159323, 13.024846400000019 ], [ -61.2155718, 13.024570500000017 ], [ -61.214850800000036, 13.024185799999984 ], [ -61.214576100000045, 13.024394899999965 ], [ -61.214610499999957, 13.0247795 ], [ -61.213838, 13.025900099999983 ], [ -61.213211400000013, 13.0265691 ], [ -61.212953900000024, 13.027012199999984 ], [ -61.212524799999962, 13.0272464 ], [ -61.212215799999974, 13.027229700000039 ], [ -61.212117011285699, 13.027188466277558 ], [ -61.211818799999989, 13.02714609999996 ], [ -61.2112177, 13.02681310000003 ], [ -61.210533499999954, 13.0270457 ], [ -61.210121499999971, 13.027171099999986 ], [ -61.209821099999985, 13.027514 ], [ -61.210215899999966, 13.027957200000014 ], [ -61.210488599999969, 13.028376299999962 ], [ -61.210546499999964, 13.028929 ], [ -61.210300933139166, 13.029187421041495 ], [ -61.210298300000034, 13.029226200000029 ], [ -61.210293099999959, 13.029302 ], [ -61.210029200491313, 13.029473377516261 ], [ -61.209555, 13.029972400000041 ], [ -61.2092632, 13.030616300000027 ], [ -61.208944420009693, 13.030647901018007 ], [ -61.208608700000035, 13.030744399999968 ], [ -61.208250399999969, 13.030716699999985 ], [ -61.2075809, 13.030499300000027 ], [ -61.207366577950907, 13.030551260101493 ], [ -61.2072676, 13.030598100000031 ], [ -61.20711914834628, 13.030611246777831 ], [ -61.206579, 13.030742199999963 ], [ -61.20612179999997, 13.030566099999959 ], [ -61.20514551540343, 13.02992396193839 ], [ -61.205081300000032, 13.029907900000033 ], [ -61.205054624868595, 13.029864179911684 ], [ -61.204813228600997, 13.029705404763721 ], [ -61.204791699999966, 13.029704099999957 ], [ -61.20501460000002, 13.03036549999997 ], [ -61.204971700000023, 13.031017700000021 ], [ -61.205465400000016, 13.0312771 ], [ -61.205838599999986, 13.0311431 ], [ -61.206067800000035, 13.031623400000043 ], [ -61.206051600000023, 13.032012199999972 ], [ -61.2060222, 13.032214 ], [ -61.205960500000039, 13.032383799999987 ], [ -61.2057915, 13.032616399999959 ], [ -61.205622100000014, 13.032794 ], [ -61.204971700000023, 13.03291589999996 ], [ -61.2047149, 13.032553099999962 ], [ -61.204495399999963, 13.03288059999997 ], [ -61.204550299999973, 13.033147799999963 ], [ -61.20435819999998, 13.033334899999989 ], [ -61.204557200000011, 13.033502 ], [ -61.204948100000024, 13.033562099999958 ], [ -61.205369800000014, 13.033387499999989 ], [ -61.2058526, 13.033892799999965 ], [ -61.206868500000027, 13.034579899999972 ], [ -61.207105700000021, 13.035039100000041 ], [ -61.207175600000035, 13.03532880000003 ], [ -61.207114913152395, 13.035440773183467 ], [ -61.2071505, 13.035565100000042 ], [ -61.205630299999982, 13.0358921 ], [ -61.2056895, 13.037142299999978 ], [ -61.2061436, 13.037469300000033 ], [ -61.206202900000022, 13.038546499999988 ], [ -61.204445700000022, 13.0392389 ], [ -61.2042877, 13.040104500000023 ], [ -61.204801100000033, 13.0408739 ], [ -61.204978699999984, 13.041720200000036 ], [ -61.204169299999982, 13.041854799999982 ], [ -61.203971799999984, 13.043509 ], [ -61.204233753255515, 13.044912591792375 ], [ -61.204291, 13.044934200000043 ], [ -61.204291, 13.045047900000036 ], [ -61.204262270365696, 13.045065391503481 ], [ -61.204352, 13.045543199999983 ], [ -61.204524599999978, 13.046471 ], [ -61.204772, 13.046317199999987 ], [ -61.205066200000026, 13.046117100000039 ], [ -61.2051946, 13.045945699999979 ], [ -61.20537479999998, 13.0458117 ], [ -61.205373856917213, 13.045854095857397 ], [ -61.205630299999982, 13.045374699999986 ], [ -61.205831741851007, 13.046561031264588 ], [ -61.20586949999997, 13.046596 ], [ -61.2059816, 13.046800700000023 ], [ -61.206061, 13.046937200000038 ], [ -61.205898879356518, 13.046956417433993 ], [ -61.205916400000028, 13.04705960000004 ], [ -61.205539624732424, 13.047308619234162 ], [ -61.205521799999978, 13.047336054818011 ], [ -61.205521799999978, 13.047438170489308 ], [ -61.205556700000024, 13.0475013 ], [ -61.205561299999957, 13.047651499999986 ], [ -61.205622, 13.0476742 ], [ -61.205645399999987, 13.047774300000022 ], [ -61.205692100000036, 13.047765199999979 ], [ -61.2056594, 13.047888 ] ] ], [ [ [ -61.164902399999981, 13.382699599999988 ], [ -61.165125599999975, 13.383259 ], [ -61.165468899999958, 13.383075299999987 ], [ -61.165657700000033, 13.382490800000031 ], [ -61.166044, 13.382674500000043 ], [ -61.166413, 13.382156800000018 ], [ -61.1667049, 13.382140099999969 ], [ -61.166962299999973, 13.382474099999982 ], [ -61.167546, 13.382223600000039 ], [ -61.168061, 13.382140099999969 ], [ -61.169185399999975, 13.382424 ], [ -61.16976040000003, 13.382591 ], [ -61.170103700000013, 13.382858199999966 ], [ -61.170661599999988, 13.3828833 ], [ -61.17139119999996, 13.382716300000038 ], [ -61.172309600000013, 13.382073300000037 ], [ -61.1726529, 13.381697600000038 ], [ -61.173039199999984, 13.381480500000016 ], [ -61.173382499999967, 13.381255 ], [ -61.173871700000028, 13.381280099999955 ], [ -61.1744983, 13.381547300000037 ], [ -61.174867399999989, 13.382115100000032 ], [ -61.175270799999971, 13.3819815 ], [ -61.175468199999962, 13.381547300000037 ], [ -61.175779200000029, 13.381356699999987 ], [ -61.176137600000018, 13.381196599999974 ], [ -61.1766011, 13.380612100000018 ], [ -61.177184799999978, 13.380628799999979 ], [ -61.177699799999957, 13.380445099999967 ], [ -61.177845700000034, 13.3799023 ], [ -61.178257700000017, 13.379685199999976 ], [ -61.178961499999986, 13.379125799999965 ], [ -61.179347699999965, 13.378499500000014 ], [ -61.179888400000031, 13.378833500000027 ], [ -61.1804635, 13.3791508 ], [ -61.1806008, 13.380211299999985 ], [ -61.181004199999983, 13.3808459 ], [ -61.18200850000003, 13.3804284 ], [ -61.182420500000013, 13.3799023 ], [ -61.1826951, 13.379209300000035 ], [ -61.183433299999969, 13.379317800000042 ], [ -61.184051200000027, 13.3789588 ], [ -61.184411700000013, 13.379175900000025 ], [ -61.1849525, 13.379025600000023 ], [ -61.185579, 13.379568299999985 ], [ -61.185896600000035, 13.379585 ], [ -61.186197, 13.379835499999977 ], [ -61.186239900000018, 13.379568299999985 ], [ -61.186609, 13.379317800000042 ], [ -61.186969499999989, 13.378708199999963 ], [ -61.187724799999955, 13.377915 ], [ -61.1887891, 13.3769547 ], [ -61.189158199999987, 13.376395199999987 ], [ -61.189183899999982, 13.375869199999986 ], [ -61.1889865, 13.375535199999973 ], [ -61.189544399999967, 13.375518500000013 ], [ -61.190102300000028, 13.375727199999961 ], [ -61.1908319, 13.37528470000003 ], [ -61.191818900000044, 13.374583199999986 ], [ -61.192376800000019, 13.373698100000027 ], [ -61.1930635, 13.372829700000029 ], [ -61.193595599999966, 13.371911099999963 ], [ -61.193921799999956, 13.371468600000032 ], [ -61.194393800000014, 13.371109499999985 ], [ -61.1947972, 13.370717 ], [ -61.1949517, 13.370191 ], [ -61.195423799999972, 13.370658599999981 ], [ -61.196136200000034, 13.371343299999968 ], [ -61.1969945, 13.371301599999981 ], [ -61.197767, 13.37161049999996 ], [ -61.199114499999986, 13.3714435 ], [ -61.199672399999962, 13.37136 ], [ -61.200341900000026, 13.37166060000002 ], [ -61.201543499999971, 13.371493599999969 ], [ -61.201818199999963, 13.3711763 ], [ -61.20167229999997, 13.3706502 ], [ -61.201861099999959, 13.370207699999977 ], [ -61.2019046, 13.369732700000021 ], [ -61.2018134, 13.3693439 ], [ -61.2018885, 13.369226499999971 ], [ -61.201864299999954, 13.369142899999982 ], [ -61.2019153, 13.368989 ], [ -61.201993100000045, 13.368866300000011 ], [ -61.2020762, 13.368892400000039 ], [ -61.2022372, 13.368827199999973 ], [ -61.202382, 13.368855900000039 ], [ -61.202547700000011, 13.3686879 ], [ -61.203105599999986, 13.368287 ], [ -61.203903899999958, 13.3680031 ], [ -61.2049338, 13.367644099999961 ], [ -61.205363, 13.3670595 ], [ -61.205337199999981, 13.366082499999983 ], [ -61.2052257, 13.365189 ], [ -61.205294299999984, 13.364704700000026 ], [ -61.205680599999972, 13.364437400000025 ], [ -61.206324300000027, 13.364136800000022 ], [ -61.206084, 13.362015700000025 ], [ -61.206084, 13.361280899999979 ], [ -61.205998100000038, 13.360462500000033 ], [ -61.206427300000023, 13.3599447 ], [ -61.207568799999969, 13.3593769 ], [ -61.208315600000034, 13.35869210000001 ], [ -61.208581600000016, 13.3577485 ], [ -61.2092683, 13.3569969 ], [ -61.209886299999965, 13.356604400000023 ], [ -61.210229600000034, 13.354616899999979 ], [ -61.210744600000012, 13.353865299999963 ], [ -61.210701700000016, 13.353097 ], [ -61.210358300000024, 13.351961299999989 ], [ -61.210401300000029, 13.351443499999956 ], [ -61.210701700000016, 13.351376700000024 ], [ -61.211388299999982, 13.350541600000028 ], [ -61.2111137, 13.350090600000016 ], [ -61.2109592, 13.349689799999982 ], [ -61.211216599999986, 13.349397499999956 ], [ -61.211577099999971, 13.349397499999956 ], [ -61.212203700000039, 13.349397499999956 ], [ -61.211602899999974, 13.349121899999979 ], [ -61.21156, 13.348754400000036 ], [ -61.211319599999982, 13.348228300000027 ], [ -61.212203700000039, 13.3473681 ], [ -61.212761600000015, 13.347434900000017 ], [ -61.2131049, 13.347351400000036 ], [ -61.2132337, 13.347084199999955 ], [ -61.213808699999966, 13.34705910000001 ], [ -61.214478200000023, 13.347393200000031 ], [ -61.2150962, 13.347351400000036 ], [ -61.215336499999985, 13.346766799999983 ], [ -61.2151219, 13.346282499999969 ], [ -61.215422399999987, 13.345597699999974 ], [ -61.2151219, 13.344887800000034 ], [ -61.215182, 13.344345 ], [ -61.2148387, 13.344052700000038 ], [ -61.2150619, 13.3438021 ], [ -61.2148387, 13.3435766 ], [ -61.214409600000032, 13.343593300000041 ], [ -61.214177800000037, 13.343468099999985 ], [ -61.214298, 13.342967 ], [ -61.214538300000022, 13.342883500000021 ], [ -61.214581200000019, 13.342524399999974 ], [ -61.214280800000033, 13.341839599999979 ], [ -61.214263600000031, 13.340795600000018 ], [ -61.214727100000012, 13.340595199999957 ], [ -61.21509230000003, 13.340211 ], [ -61.215465299999984, 13.3398185 ], [ -61.215928799999965, 13.339008400000026 ], [ -61.2171819, 13.338256800000011 ], [ -61.21831480000003, 13.337563600000031 ], [ -61.219731099999976, 13.335601 ], [ -61.219842599999964, 13.335200099999962 ], [ -61.220186, 13.334699 ], [ -61.220031499999962, 13.334331500000037 ], [ -61.220632300000027, 13.3333627 ], [ -61.22104430000001, 13.332886700000042 ], [ -61.2212331, 13.332527499999987 ], [ -61.222288800000037, 13.332594400000016 ], [ -61.222091399999961, 13.332009700000043 ], [ -61.2213189, 13.331884499999987 ], [ -61.2214305, 13.33135829999997 ], [ -61.221945499999968, 13.330757 ], [ -61.222520600000031, 13.329771500000039 ], [ -61.222743700000017, 13.329019800000015 ], [ -61.2229497, 13.3286857 ], [ -61.222975500000011, 13.3282681 ], [ -61.223464699999987, 13.327082200000014 ], [ -61.223490399999982, 13.326497500000041 ], [ -61.223696399999973, 13.325745800000018 ], [ -61.223747899999971, 13.324618299999987 ], [ -61.223765099999973, 13.3236996 ], [ -61.224108399999956, 13.322805900000041 ], [ -61.224468900000033, 13.321736899999966 ], [ -61.225550399999989, 13.3196655 ], [ -61.225782099999975, 13.3189389 ], [ -61.226606100000026, 13.31760250000001 ], [ -61.227721899999977, 13.316241099999989 ], [ -61.228597400000034, 13.31574 ], [ -61.2312924, 13.3145957 ], [ -61.232717200000025, 13.314111299999983 ], [ -61.232922300000027, 13.313911699999988 ], [ -61.2333181, 13.31352660000001 ], [ -61.2336669, 13.312711299999965 ], [ -61.233888799999974, 13.312441400000015 ], [ -61.23432229999996, 13.31209 ], [ -61.234863, 13.31140509999998 ], [ -61.2350947, 13.310653399999957 ], [ -61.234880200000021, 13.3099852 ], [ -61.234622700000031, 13.30911649999998 ], [ -61.234605500000029, 13.308364799999957 ], [ -61.234966, 13.30780510000001 ], [ -61.235678399999983, 13.307471 ], [ -61.235034700000014, 13.307195400000012 ], [ -61.234863, 13.3059425 ], [ -61.235275, 13.30554990000002 ], [ -61.235077600000011, 13.304656199999972 ], [ -61.234330899999961, 13.30408819999996 ], [ -61.234107699999967, 13.3032696 ], [ -61.233764399999984, 13.301457100000043 ], [ -61.2336185, 13.300880699999958 ], [ -61.233893099999975, 13.300129 ], [ -61.233704299999985, 13.299310399999971 ], [ -61.2332751, 13.298374900000017 ], [ -61.233661399999988, 13.297305700000013 ], [ -61.233961799999975, 13.29665420000002 ], [ -61.234433899999956, 13.295635099999988 ], [ -61.235047, 13.294905800000041 ], [ -61.2352063, 13.2947163 ], [ -61.235678399999983, 13.2937557 ], [ -61.237601, 13.292619599999973 ], [ -61.239918399999972, 13.291475299999973 ], [ -61.24047630000004, 13.291099399999958 ], [ -61.2413346, 13.2909991 ], [ -61.242880800000037, 13.2913768 ], [ -61.243336900000024, 13.291451599999967 ], [ -61.2435233, 13.2915337 ], [ -61.244038299999971, 13.292703199999963 ], [ -61.244321499999955, 13.293020600000023 ], [ -61.244442700000036, 13.2935591 ], [ -61.244534800000018, 13.293728499999975 ], [ -61.244749799999958, 13.293887900000019 ], [ -61.245057, 13.29408220000002 ], [ -61.2452259, 13.294132 ], [ -61.245210599999979, 13.29427650000002 ], [ -61.245307800000027, 13.294431 ], [ -61.2454256, 13.2944758 ], [ -61.245522899999976, 13.2942666 ], [ -61.2454717, 13.294022399999957 ], [ -61.245512600000012, 13.293902900000017 ], [ -61.245481899999959, 13.2935591 ], [ -61.245533100000017, 13.29331 ], [ -61.2454974, 13.2924944 ], [ -61.2454116, 13.291408400000034 ], [ -61.2453687, 13.289946599999965 ], [ -61.2456262, 13.2896626 ], [ -61.246767700000028, 13.289178099999972 ], [ -61.246937400000036, 13.289151900000025 ], [ -61.24730850000001, 13.2890946 ], [ -61.247754799999989, 13.289278400000011 ], [ -61.248098099999972, 13.289345200000032 ], [ -61.248424299999961, 13.288994399999961 ], [ -61.248741800000033, 13.288468100000024 ], [ -61.249643, 13.288050400000014 ], [ -61.250758800000028, 13.287925199999957 ], [ -61.25264710000004, 13.287148299999981 ], [ -61.254338, 13.286906 ], [ -61.255179100000014, 13.286655399999965 ], [ -61.2554538, 13.286421599999983 ], [ -61.255908699999985, 13.286613699999979 ], [ -61.256681200000045, 13.2867223 ], [ -61.2574107, 13.286588600000034 ], [ -61.2578828, 13.287240200000035 ], [ -61.258311899999967, 13.2871399 ], [ -61.258698199999955, 13.2874072 ], [ -61.259144500000019, 13.287340399999977 ], [ -61.25908440000002, 13.287808199999958 ], [ -61.2595737, 13.2876746 ], [ -61.2594277, 13.287281900000021 ], [ -61.259316200000015, 13.28678070000003 ], [ -61.2594707, 13.286505099999964 ], [ -61.2597968, 13.286655399999965 ], [ -61.260371899999967, 13.287089800000025 ], [ -61.260346099999964, 13.287507500000036 ], [ -61.260603600000046, 13.287307 ], [ -61.260946900000029, 13.28711489999997 ], [ -61.260672300000046, 13.286864300000019 ], [ -61.26051779999996, 13.2865301 ], [ -61.260243099999968, 13.2865301 ], [ -61.260140099999973, 13.286171 ], [ -61.260311799999968, 13.285903600000022 ], [ -61.260569299999958, 13.285653 ], [ -61.261084300000029, 13.2860707 ], [ -61.261015600000029, 13.2848845 ], [ -61.261032800000031, 13.284316499999978 ], [ -61.2615735, 13.284049199999977 ], [ -61.2618568, 13.284274699999983 ], [ -61.26206269999998, 13.284049199999977 ], [ -61.262002699999989, 13.283664899999977 ], [ -61.262320199999969, 13.28343939999997 ], [ -61.262285899999974, 13.2828547 ], [ -61.2618911, 13.282478799999982 ], [ -61.2615993, 13.281660100000011 ], [ -61.260929800000035, 13.281209 ], [ -61.260432, 13.281042 ], [ -61.2596252, 13.280265099999962 ], [ -61.2595136, 13.2799059 ], [ -61.259127300000017, 13.2795968 ], [ -61.258681, 13.2791373 ], [ -61.258887, 13.278928500000038 ], [ -61.259299, 13.278427299999958 ], [ -61.2595994, 13.277967800000042 ], [ -61.260088599999975, 13.2779845 ], [ -61.260371899999967, 13.2772578 ], [ -61.260054299999979, 13.276589500000043 ], [ -61.260346099999964, 13.276506 ], [ -61.260844, 13.275670600000041 ], [ -61.26129030000002, 13.27542 ], [ -61.26147910000001, 13.275336400000011 ], [ -61.2618739, 13.274776699999975 ], [ -61.262388899999969, 13.274609700000013 ], [ -61.2628884, 13.274451100000036 ], [ -61.263019900000039, 13.274318299999972 ], [ -61.263146500000033, 13.2741565 ], [ -61.2631986, 13.273956 ], [ -61.2631043, 13.273774800000034 ], [ -61.2629678, 13.2736637 ], [ -61.262838699999968, 13.273545399999971 ], [ -61.2628263, 13.273386 ], [ -61.26274690000001, 13.273178299999973 ], [ -61.262620599999956, 13.273022400000041 ], [ -61.262871, 13.272704899999972 ], [ -61.262903299999984, 13.2725624 ], [ -61.2630398, 13.2724851 ], [ -61.263195700000018, 13.272329099999965 ], [ -61.263394599999955, 13.2722532 ], [ -61.263513699999955, 13.272033400000012 ], [ -61.263650199999965, 13.27185469999997 ], [ -61.263622900000016, 13.271709799999972 ], [ -61.263555899999979, 13.271540700000013 ], [ -61.263600600000039, 13.271482700000011 ], [ -61.263682499999973, 13.27145610000003 ], [ -61.264015, 13.2716059 ], [ -61.264295399999973, 13.271721799999987 ], [ -61.264417, 13.27172909999997 ], [ -61.264531200000029, 13.2716639 ], [ -61.264605599999967, 13.2714417 ], [ -61.26454109999996, 13.270622900000014 ], [ -61.264387300000024, 13.270492399999963 ], [ -61.263687400000023, 13.270231599999967 ], [ -61.263613, 13.2701301 ], [ -61.263568300000031, 13.269994900000011 ], [ -61.263590700000016, 13.26986439999996 ], [ -61.263647700000028, 13.269746100000031 ], [ -61.26356590000001, 13.269613299999968 ], [ -61.263362399999956, 13.269596299999982 ], [ -61.2632705, 13.269555299999965 ], [ -61.263146500000033, 13.269381399999965 ], [ -61.263118500000026, 13.269263199999955 ], [ -61.26299759999997, 13.269238899999987 ], [ -61.2627941, 13.269311300000027 ], [ -61.262684900000032, 13.2693089 ], [ -61.262533500000032, 13.269103599999983 ], [ -61.262526100000038, 13.2689611 ], [ -61.262550899999958, 13.268804099999983 ], [ -61.262548400000021, 13.2686423 ], [ -61.2625062, 13.268540799999958 ], [ -61.262573200000027, 13.268470800000028 ], [ -61.262684900000032, 13.2684008 ], [ -61.262662599999963, 13.268328299999961 ], [ -61.262541, 13.268282399999983 ], [ -61.2623325, 13.268219600000027 ], [ -61.2623077, 13.268137499999984 ], [ -61.2623077, 13.267939400000024 ], [ -61.262320099999961, 13.267765500000024 ], [ -61.2622754, 13.267639900000024 ], [ -61.262126500000015, 13.267565 ], [ -61.26198260000001, 13.267441899999984 ], [ -61.2618387, 13.267427400000027 ], [ -61.2617419, 13.267417700000024 ], [ -61.261682300000032, 13.267309 ], [ -61.261665, 13.267219599999976 ], [ -61.261588, 13.267171299999976 ], [ -61.261553300000017, 13.2672124 ], [ -61.261476399999964, 13.267219599999976 ], [ -61.261374599999975, 13.2671834 ], [ -61.2612977, 13.267396 ], [ -61.261210800000015, 13.267458799999961 ], [ -61.261128899999989, 13.267606099999981 ], [ -61.261071899999976, 13.267635099999982 ], [ -61.26082369999996, 13.267635099999982 ], [ -61.2606922, 13.267565 ], [ -61.260545799999967, 13.2674636 ], [ -61.260362099999959, 13.267234100000021 ], [ -61.260292599999978, 13.267007099999979 ], [ -61.2600718, 13.266451600000025 ], [ -61.260019699999958, 13.266243799999973 ], [ -61.260037, 13.266082 ], [ -61.259987400000043, 13.265970900000042 ], [ -61.25996260000003, 13.2657825 ], [ -61.259878199999974, 13.265768 ], [ -61.259731800000033, 13.265746300000021 ], [ -61.259724400000039, 13.265615799999971 ], [ -61.259669799999962, 13.2655506 ], [ -61.259563, 13.265555499999955 ], [ -61.2595209, 13.265615799999971 ], [ -61.259448899999981, 13.265632799999956 ], [ -61.259384399999973, 13.265591700000019 ], [ -61.259213100000011, 13.26559410000004 ], [ -61.259009699999972, 13.26564240000004 ], [ -61.258775400000033, 13.265645899999974 ], [ -61.258592, 13.265510799999987 ], [ -61.258861300000035, 13.2655615 ], [ -61.259101500000014, 13.26554340000002 ], [ -61.259311199999956, 13.265411799999967 ], [ -61.259620100000028, 13.265398500000021 ], [ -61.2597442, 13.265410500000037 ], [ -61.25982710000001, 13.265422399999956 ], [ -61.259838499999979, 13.265352600000043 ], [ -61.259793800000011, 13.265159300000036 ], [ -61.259765199999954, 13.2649269 ], [ -61.259959899999984, 13.2644095 ], [ -61.260255899999962, 13.263993899999978 ], [ -61.260732400000045, 13.263699400000036 ], [ -61.261376100000014, 13.26332350000002 ], [ -61.261831, 13.26334019999998 ], [ -61.262037, 13.2637579 ], [ -61.262234399999976, 13.263783 ], [ -61.262320199999969, 13.26409210000002 ], [ -61.262835200000033, 13.263824700000011 ], [ -61.2633931, 13.264008500000031 ], [ -61.2636335, 13.2643678 ], [ -61.263839399999988, 13.264342699999972 ], [ -61.2637193, 13.26409210000002 ], [ -61.263976799999988, 13.26389160000004 ], [ -61.263951, 13.263407 ], [ -61.26412269999998, 13.263223299999989 ], [ -61.26438019999997, 13.263198199999955 ], [ -61.264723500000045, 13.26334019999998 ], [ -61.265023900000031, 13.263056200000019 ], [ -61.265066800000028, 13.262588300000029 ], [ -61.264895200000041, 13.262237499999959 ], [ -61.264551799999957, 13.2619868 ], [ -61.264268599999973, 13.2618365 ], [ -61.264208499999974, 13.261610899999983 ], [ -61.264680599999956, 13.261468899999958 ], [ -61.264697799999958, 13.261235 ], [ -61.264895200000041, 13.261001 ], [ -61.265126900000027, 13.2606084 ], [ -61.265212700000021, 13.260148899999987 ], [ -61.2657621, 13.259505599999962 ], [ -61.266139699999982, 13.25928840000002 ], [ -61.26638, 13.25928840000002 ], [ -61.266620399999965, 13.259505599999962 ], [ -61.266852100000037, 13.2594555 ], [ -61.267023800000032, 13.2591882 ], [ -61.267569599999987, 13.259137499999969 ], [ -61.267569599999987, 13.258855 ], [ -61.267221200000023, 13.258854 ], [ -61.2675387, 13.25870360000004 ], [ -61.2677705, 13.258369500000018 ], [ -61.2677533, 13.257901600000029 ], [ -61.2675559, 13.257584199999968 ], [ -61.267631799999982, 13.2572014 ], [ -61.267959, 13.256948699999967 ], [ -61.268465699999965, 13.257350199999969 ], [ -61.268740399999956, 13.257483900000018 ], [ -61.268826200000042, 13.258043599999965 ], [ -61.269186700000027, 13.258169 ], [ -61.2696416, 13.258018600000028 ], [ -61.2697875, 13.257584199999968 ], [ -61.2697703, 13.257016100000037 ], [ -61.26953, 13.256163899999958 ], [ -61.2699849, 13.255871500000012 ], [ -61.270354, 13.2561806 ], [ -61.270731599999955, 13.256247500000036 ], [ -61.271075, 13.2566819 ], [ -61.271469800000013, 13.2566485 ], [ -61.2717015, 13.256481400000027 ], [ -61.2717445, 13.256122099999963 ], [ -61.272087799999987, 13.256314299999968 ], [ -61.272705799999962, 13.2554956 ], [ -61.273031900000035, 13.255178100000016 ], [ -61.272843100000046, 13.25445130000001 ], [ -61.272731499999956, 13.254050200000041 ], [ -61.27261989999996, 13.2535323 ], [ -61.272345299999976, 13.252596600000029 ], [ -61.27243109999997, 13.2520702 ], [ -61.272662799999956, 13.251736099999974 ], [ -61.273152100000033, 13.251569 ], [ -61.272602799999966, 13.251234799999974 ], [ -61.272534099999966, 13.250416 ], [ -61.272087799999987, 13.2501487 ], [ -61.272036299999989, 13.2497978 ], [ -61.2715728, 13.249714300000022 ], [ -61.271418300000015, 13.249313199999964 ], [ -61.27098910000003, 13.2493801 ], [ -61.27056, 13.2496474 ], [ -61.270371199999978, 13.2494135 ], [ -61.270259599999982, 13.248728399999983 ], [ -61.27031969999998, 13.247909700000012 ], [ -61.270602899999965, 13.247375 ], [ -61.2710606, 13.246998700000042 ], [ -61.271375400000018, 13.24674 ], [ -61.271950399999987, 13.246430899999957 ], [ -61.272894600000043, 13.246238700000042 ], [ -61.273504, 13.2464142 ], [ -61.2737186, 13.246890399999963 ], [ -61.274036099999989, 13.2467233 ], [ -61.274636899999962, 13.2468319 ], [ -61.2750689, 13.2467759 ], [ -61.275233600000035, 13.246781800000036 ], [ -61.275361599999968, 13.246684900000012 ], [ -61.275447, 13.246706600000032 ], [ -61.275522200000026, 13.246667099999961 ], [ -61.2756035, 13.246645300000022 ], [ -61.27567670000002, 13.2465978 ], [ -61.275596699999973, 13.246532 ], [ -61.275627500000034, 13.2464571 ], [ -61.275618299999984, 13.24623510000001 ], [ -61.275442700000021, 13.246376100000042 ], [ -61.275529, 13.246187100000036 ], [ -61.275649100000045, 13.245944200000011 ], [ -61.275809299999977, 13.245695300000023 ], [ -61.275951099999986, 13.245578300000023 ], [ -61.2761113, 13.245443399999964 ], [ -61.276036, 13.245403200000013 ], [ -61.275323600000021, 13.245319700000032 ], [ -61.275289300000026, 13.245094100000017 ], [ -61.274619799999968, 13.245303 ], [ -61.274362299999979, 13.244902 ], [ -61.274345099999977, 13.244317100000032 ], [ -61.274516799999972, 13.2437574 ], [ -61.274797099999979, 13.2433807 ], [ -61.275312099999958, 13.2431927 ], [ -61.275827100000029, 13.243422399999989 ], [ -61.275924192673131, 13.243327871659456 ], [ -61.2759931, 13.243231 ], [ -61.275963122303402, 13.24318194703001 ], [ -61.275633900000031, 13.2428794 ], [ -61.275719800000033, 13.242712300000033 ], [ -61.276078899999987, 13.242612699999963 ], [ -61.276353599999979, 13.242696300000041 ], [ -61.2763763, 13.2421215 ], [ -61.276379299999974, 13.242044600000032 ], [ -61.276061699999985, 13.242002800000037 ], [ -61.2757356, 13.241693700000042 ], [ -61.2756497, 13.241225799999963 ], [ -61.2756927, 13.240666100000016 ], [ -61.276010199999988, 13.240081200000027 ], [ -61.276405099999977, 13.239855600000013 ], [ -61.276851399999956, 13.2397052 ], [ -61.276164699999981, 13.239663500000017 ], [ -61.275435200000018, 13.238911499999968 ], [ -61.274662699999965, 13.237825399999988 ], [ -61.274319399999982, 13.237056699999979 ], [ -61.2740447, 13.2357784 ], [ -61.2738731, 13.234667199999979 ], [ -61.273998499999983, 13.234078400000023 ], [ -61.274019, 13.23398209999996 ], [ -61.274362299999979, 13.23398209999996 ], [ -61.274619799999968, 13.23389849999997 ], [ -61.274594, 13.23354759999998 ], [ -61.274336499999976, 13.233163199999971 ], [ -61.2744785, 13.233118800000028 ], [ -61.2745321, 13.233181499999976 ], [ -61.274625399999984, 13.233230600000041 ], [ -61.274711299999986, 13.233220099999972 ], [ -61.274818599999982, 13.2331679 ], [ -61.27492579999997, 13.233084400000024 ], [ -61.274797099999979, 13.232948599999979 ], [ -61.27470049999998, 13.232833699999976 ], [ -61.274689799999983, 13.2326666 ], [ -61.274689799999983, 13.2325517 ], [ -61.274689799999983, 13.232426400000026 ], [ -61.2746716, 13.232262399999957 ], [ -61.27473269999998, 13.232134 ], [ -61.274754199999983, 13.231998200000035 ], [ -61.27484, 13.231831099999976 ], [ -61.274754199999983, 13.2317057 ], [ -61.27470049999998, 13.231601299999969 ], [ -61.274754199999983, 13.231486399999966 ], [ -61.274818599999982, 13.2314342 ], [ -61.274893699999978, 13.231476 ], [ -61.274904399999976, 13.2315491 ], [ -61.274958, 13.231601299999969 ], [ -61.275068499999968, 13.231646200000043 ], [ -61.275111499999973, 13.23169840000001 ], [ -61.275208, 13.23169840000001 ], [ -61.275261699999966, 13.231677499999968 ], [ -61.275355, 13.231643099999964 ], [ -61.275483700000038, 13.231643099999964 ], [ -61.27556960000004, 13.231622200000011 ], [ -61.275644700000036, 13.231528199999961 ], [ -61.275633900000031, 13.231444599999971 ], [ -61.275558800000034, 13.231267100000029 ], [ -61.275515900000038, 13.231152200000025 ], [ -61.275562100000037, 13.2310091 ], [ -61.275451599999954, 13.23084930000001 ], [ -61.275397900000044, 13.230734500000015 ], [ -61.275258399999956, 13.23063 ], [ -61.275172599999962, 13.230640499999964 ], [ -61.275033099999966, 13.230650900000025 ], [ -61.274882899999973, 13.230640499999964 ], [ -61.27470049999998, 13.230640499999964 ], [ -61.274582499999987, 13.230640499999964 ], [ -61.2744892, 13.23056 ], [ -61.2744538, 13.230379400000032 ], [ -61.2745074, 13.230306200000015 ], [ -61.274550299999987, 13.230222700000034 ], [ -61.2745643, 13.2301214 ], [ -61.2744967, 13.2300034 ], [ -61.2743604, 13.229870700000042 ], [ -61.2742928, 13.2297005 ], [ -61.2742714, 13.229596 ], [ -61.2742499, 13.229512499999981 ], [ -61.274325, 13.229324499999969 ], [ -61.2743572, 13.22917830000004 ], [ -61.2743894, 13.2290738 ], [ -61.274388, 13.2289104 ], [ -61.274379499999981, 13.228659800000038 ], [ -61.274559699999969, 13.22809160000001 ], [ -61.274842900000039, 13.2272059 ], [ -61.275151900000026, 13.22662110000002 ], [ -61.275529600000013, 13.226136499999981 ], [ -61.2758472, 13.226002800000021 ], [ -61.276036, 13.226103 ], [ -61.276199099999985, 13.226027799999958 ], [ -61.276242, 13.225852400000011 ], [ -61.276499499999971, 13.2256268 ], [ -61.277074500000033, 13.225250799999973 ], [ -61.277229, 13.2250085 ], [ -61.277014500000043, 13.2248079 ], [ -61.27718610000003, 13.224490400000029 ], [ -61.276722599999957, 13.224440299999969 ], [ -61.276911499999954, 13.224248099999965 ], [ -61.27686, 13.224072700000018 ], [ -61.276688299999961, 13.223955700000019 ], [ -61.276894300000045, 13.223746799999965 ], [ -61.277117500000038, 13.223746799999965 ], [ -61.2777612, 13.223120099999981 ], [ -61.2778127, 13.22286950000003 ], [ -61.277675400000014, 13.222677300000026 ], [ -61.2776839, 13.222501799999982 ], [ -61.2777698, 13.222176 ], [ -61.276945800000043, 13.221515900000032 ], [ -61.276593899999966, 13.221348799999973 ], [ -61.276310599999974, 13.2213738 ], [ -61.276087499999988, 13.221240100000038 ], [ -61.2760017, 13.220889199999959 ], [ -61.2757957, 13.220362800000014 ], [ -61.2757613, 13.22007039999998 ], [ -61.275727, 13.2196359 ], [ -61.2756154, 13.219435300000011 ], [ -61.27550380000001, 13.218883900000041 ], [ -61.2756068, 13.218725099999958 ], [ -61.2757098, 13.217989799999959 ], [ -61.27518630000003, 13.2177809 ], [ -61.275229200000027, 13.217379800000025 ], [ -61.275349300000016, 13.216678 ], [ -61.275452300000012, 13.215600100000032 ], [ -61.275624, 13.2149985 ], [ -61.2759502, 13.21435509999996 ], [ -61.276242, 13.214246400000025 ], [ -61.276439399999973, 13.214012500000035 ], [ -61.276842799999955, 13.214054200000021 ], [ -61.276963, 13.2141796 ], [ -61.277555200000016, 13.214087700000039 ], [ -61.2777783, 13.21397070000004 ], [ -61.2778985, 13.213644799999987 ], [ -61.2779071, 13.213419199999972 ], [ -61.277641, 13.213001400000042 ], [ -61.27738350000002, 13.212884400000043 ], [ -61.277177500000029, 13.212433200000014 ], [ -61.276825600000045, 13.212232700000033 ], [ -61.276877100000043, 13.211689500000031 ], [ -61.277134600000032, 13.211614300000026 ], [ -61.277314900000029, 13.21165610000002 ], [ -61.2776324, 13.211614300000026 ], [ -61.2778213, 13.211597599999976 ], [ -61.2779071, 13.2114305 ], [ -61.278053, 13.211330199999967 ], [ -61.2779672, 13.211221600000041 ], [ -61.2777354, 13.211096299999976 ], [ -61.277409300000024, 13.2112383 ], [ -61.277211900000033, 13.211104600000041 ], [ -61.277168900000028, 13.2105448 ], [ -61.277237600000028, 13.210177100000038 ], [ -61.277641, 13.210168799999973 ], [ -61.2777526, 13.2101186 ], [ -61.2778985, 13.210202199999983 ], [ -61.2781217, 13.210185500000023 ], [ -61.278284699999979, 13.210035100000013 ], [ -61.278259, 13.2097343 ], [ -61.278319099999983, 13.209207800000041 ], [ -61.278396299999976, 13.208698099999967 ], [ -61.278593699999966, 13.2085644 ], [ -61.278593699999966, 13.208121500000043 ], [ -61.278387699999975, 13.208038 ], [ -61.278147399999987, 13.208171700000022 ], [ -61.2779929, 13.2081048 ], [ -61.2779071, 13.207653599999965 ], [ -61.278301899999981, 13.207336099999985 ], [ -61.278456399999975, 13.2074865 ], [ -61.278636699999971, 13.207436400000024 ], [ -61.278645199999964, 13.207244200000019 ], [ -61.279083, 13.207118800000035 ], [ -61.279383400000022, 13.207001800000036 ], [ -61.279314700000022, 13.206893200000021 ], [ -61.278774, 13.206834699999977 ], [ -61.278250399999983, 13.2068264 ], [ -61.277606700000014, 13.206726099999962 ], [ -61.277374900000019, 13.20680970000004 ], [ -61.27725480000003, 13.206684299999967 ], [ -61.277134600000032, 13.2057819 ], [ -61.277323400000022, 13.205514499999989 ], [ -61.2778384, 13.20544759999996 ], [ -61.278336199999977, 13.205364 ], [ -61.278525099999975, 13.204846 ], [ -61.277649600000011, 13.204294500000032 ], [ -61.277392100000021, 13.2036093 ], [ -61.2777526, 13.203442100000025 ], [ -61.278284699999979, 13.203275 ], [ -61.278653799999965, 13.202815400000041 ], [ -61.278782599999964, 13.202456099999978 ], [ -61.278593699999966, 13.202172 ], [ -61.2781646, 13.202205400000018 ], [ -61.277563800000017, 13.202481200000012 ], [ -61.277048800000038, 13.202539699999967 ], [ -61.27667969999996, 13.202481200000012 ], [ -61.276362099999972, 13.202439400000017 ], [ -61.2758472, 13.202673400000016 ], [ -61.275418, 13.202982500000012 ], [ -61.275160500000027, 13.203174700000016 ], [ -61.274937399999956, 13.202940800000025 ], [ -61.274448099999972, 13.203007599999957 ], [ -61.274276499999985, 13.203191499999985 ], [ -61.2737872, 13.2030661 ], [ -61.2736327, 13.202706800000026 ], [ -61.273418100000015, 13.202422699999968 ], [ -61.273160700000034, 13.202422699999968 ], [ -61.272860200000039, 13.203007599999957 ], [ -61.272439100000014, 13.202755100000026 ], [ -61.272130699999984, 13.202606499999987 ], [ -61.271289500000016, 13.201679 ], [ -61.2712679, 13.20163220000002 ], [ -61.2710489, 13.201162300000043 ], [ -61.270517099999971, 13.200241699999989 ], [ -61.27043029999998, 13.199861699999989 ], [ -61.270345399999975, 13.199489600000021 ], [ -61.270233799999978, 13.1989214 ], [ -61.270517099999971, 13.198319700000035 ], [ -61.271006300000032, 13.198637300000023 ], [ -61.2717616, 13.198303 ], [ -61.2719333, 13.197885199999966 ], [ -61.272269800000039, 13.197449 ], [ -61.272147899999986, 13.196815600000019 ], [ -61.272534099999966, 13.196272400000016 ], [ -61.272465399999966, 13.196021699999967 ], [ -61.272122099999983, 13.19598 ], [ -61.272019099999987, 13.195729300000021 ], [ -61.2716758, 13.1956624 ], [ -61.271461200000012, 13.1948101 ], [ -61.271547, 13.1944591 ], [ -61.2719333, 13.194250200000031 ], [ -61.27243109999997, 13.1941415 ], [ -61.272637099999962, 13.1938741 ], [ -61.272465399999966, 13.193748800000023 ], [ -61.272001899999985, 13.194124799999958 ], [ -61.2716071, 13.194308699999986 ], [ -61.271178, 13.194208400000036 ], [ -61.270645799999961, 13.1943755 ], [ -61.270388299999972, 13.194542599999977 ], [ -61.2700021, 13.1945009 ], [ -61.269512900000016, 13.194776599999976 ], [ -61.269034, 13.1941939 ], [ -61.26856869999996, 13.19377379999996 ], [ -61.2678134, 13.193055200000011 ], [ -61.267298400000016, 13.1922028 ], [ -61.267125199999988, 13.1917111 ], [ -61.266987799999988, 13.19176119999997 ], [ -61.2669192, 13.1918699 ], [ -61.266696, 13.19192 ], [ -61.2665145, 13.1920266 ], [ -61.266335500000018, 13.192078799999958 ], [ -61.266095200000031, 13.192204100000023 ], [ -61.265889200000039, 13.192379599999978 ], [ -61.265614499999955, 13.192555100000021 ], [ -61.265683199999955, 13.1923295 ], [ -61.265889200000039, 13.1921373 ], [ -61.26619280000002, 13.191975799999963 ], [ -61.266361300000021, 13.191953399999974 ], [ -61.266507200000014, 13.191836399999975 ], [ -61.2667475, 13.1916693 ], [ -61.267094099999987, 13.191496600000015 ], [ -61.266955100000033, 13.191016199999968 ], [ -61.266776199999974, 13.189901500000019 ], [ -61.266740499999955, 13.1896791 ], [ -61.266826399999957, 13.189127600000024 ], [ -61.267040900000026, 13.188927 ], [ -61.2675559, 13.188927 ], [ -61.267967899999988, 13.189044 ], [ -61.268225399999977, 13.188626200000016 ], [ -61.268714600000045, 13.188174899999979 ], [ -61.269186700000027, 13.188066299999964 ], [ -61.26940130000002, 13.187732 ], [ -61.269289700000023, 13.187422800000011 ], [ -61.269015, 13.187397699999977 ], [ -61.269040800000035, 13.186938099999963 ], [ -61.26940130000002, 13.186520300000034 ], [ -61.269246800000026, 13.186386599999985 ], [ -61.268697499999959, 13.186520300000034 ], [ -61.268156699999977, 13.186269599999985 ], [ -61.26818249999998, 13.185534199999978 ], [ -61.26844, 13.185116399999959 ], [ -61.268972100000035, 13.184656700000026 ], [ -61.268525799999964, 13.184531399999962 ], [ -61.268285499999976, 13.184213799999974 ], [ -61.2677533, 13.184264 ], [ -61.2678563, 13.183862799999975 ], [ -61.268045099999981, 13.183628799999976 ], [ -61.26856869999996, 13.1837375 ], [ -61.269152400000031, 13.183637199999961 ], [ -61.269384100000018, 13.183403199999962 ], [ -61.269298300000024, 13.183068900000013 ], [ -61.268809, 13.182734699999983 ], [ -61.268294099999977, 13.183052199999963 ], [ -61.2678649, 13.1833865 ], [ -61.266920800000037, 13.183595399999966 ], [ -61.266337099999973, 13.183511799999977 ], [ -61.2658908, 13.183720800000039 ], [ -61.26560760000001, 13.183453300000021 ], [ -61.265195600000027, 13.1828015 ], [ -61.265195600000027, 13.182483900000015 ], [ -61.2655217, 13.182366900000016 ], [ -61.2657964, 13.182116199999967 ], [ -61.266328499999972, 13.181698400000037 ], [ -61.266397199999972, 13.181422599999955 ], [ -61.266053899999989, 13.18123040000004 ], [ -61.2657277, 13.1810883 ], [ -61.2656419, 13.1805869 ], [ -61.265264200000018, 13.1802777 ], [ -61.264869400000038, 13.18025259999996 ], [ -61.26412269999998, 13.180227600000023 ], [ -61.26412269999998, 13.1796927 ], [ -61.2636077, 13.1794169 ], [ -61.263264400000018, 13.1795005 ], [ -61.263152800000022, 13.179274899999978 ], [ -61.263221500000022, 13.179040899999979 ], [ -61.2635219, 13.178832 ], [ -61.262552, 13.178472600000031 ], [ -61.261934, 13.178472600000031 ], [ -61.261350400000019, 13.178890499999969 ], [ -61.261161500000021, 13.17924139999996 ], [ -61.260698, 13.179475399999959 ], [ -61.260045699999978, 13.179308299999988 ], [ -61.2593848, 13.179408600000027 ], [ -61.258698199999955, 13.179099400000023 ], [ -61.257754, 13.178455899999982 ], [ -61.257324900000015, 13.1781383 ], [ -61.256852800000033, 13.177386200000026 ], [ -61.257239100000021, 13.177077 ], [ -61.25749660000001, 13.1768931 ], [ -61.2575652, 13.17645020000003 ], [ -61.2576253, 13.1760323 ], [ -61.257925699999987, 13.175572699999989 ], [ -61.257942899999989, 13.175196599999957 ], [ -61.2575996, 13.1749041 ], [ -61.257084600000027, 13.174971 ], [ -61.256509499999957, 13.1749877 ], [ -61.256166199999974, 13.174653400000043 ], [ -61.256423699999964, 13.174302399999956 ], [ -61.256595300000043, 13.173984799999968 ], [ -61.256449399999958, 13.173834399999958 ], [ -61.256020299999982, 13.173984799999968 ], [ -61.2555396, 13.17411020000004 ], [ -61.255222, 13.1740517 ], [ -61.254964600000029, 13.174152 ], [ -61.254818600000029, 13.174302399999956 ], [ -61.254320799999967, 13.1740517 ], [ -61.25372, 13.173333 ], [ -61.2535483, 13.172798100000012 ], [ -61.2536771, 13.172463799999974 ], [ -61.253908799999984, 13.1721045 ], [ -61.25447529999996, 13.171878799999977 ], [ -61.255348196873229, 13.171295539382218 ], [ -61.255330301722537, 13.171174011697591 ], [ -61.255265, 13.170792399999971 ], [ -61.25509330000002, 13.1703494 ], [ -61.254767100000031, 13.170224100000024 ], [ -61.254132, 13.170641900000042 ], [ -61.2536084, 13.1709344 ], [ -61.2534024, 13.170850900000016 ], [ -61.252578499999956, 13.17129379999998 ], [ -61.252218, 13.171578 ], [ -61.252046299999975, 13.171770199999962 ], [ -61.251703, 13.171561199999989 ], [ -61.25123090000001, 13.171435900000013 ], [ -61.250947700000026, 13.171268700000034 ], [ -61.250647299999954, 13.171686599999973 ], [ -61.250355399999961, 13.1717117 ], [ -61.250175199999973, 13.171995799999976 ], [ -61.2495057, 13.171728399999967 ], [ -61.248973600000028, 13.171377399999969 ], [ -61.248698900000036, 13.170992900000041 ], [ -61.248561600000045, 13.170725500000032 ], [ -61.248819100000034, 13.170474799999983 ], [ -61.248801900000032, 13.170123799999985 ], [ -61.249231100000017, 13.16983130000003 ], [ -61.248759, 13.169037299999971 ], [ -61.248312699999964, 13.169346599999983 ], [ -61.248052956102995, 13.169040096700442 ], [ -61.247683147297288, 13.169012300000034 ], [ -61.2476604, 13.169012300000034 ], [ -61.2474286, 13.168678 ], [ -61.247196900000013, 13.167950899999965 ], [ -61.248089499999971, 13.167407600000043 ], [ -61.247771899999982, 13.167407600000043 ], [ -61.2476003, 13.167307400000013 ], [ -61.2475402, 13.1675079 ], [ -61.247257, 13.167658400000011 ], [ -61.246973700000019, 13.167324099999973 ], [ -61.24642439999996, 13.166822599999957 ], [ -61.246201199999966, 13.166889499999986 ], [ -61.246081099999977, 13.166697299999981 ], [ -61.246269899999966, 13.1665301 ], [ -61.246012399999977, 13.16605370000002 ], [ -61.2454974, 13.165694399999957 ], [ -61.2453429, 13.165819700000021 ], [ -61.245171300000017, 13.165610799999968 ], [ -61.245257100000011, 13.165418599999963 ], [ -61.245136900000013, 13.164215100000039 ], [ -61.245171300000017, 13.163772099999978 ], [ -61.245857899999983, 13.163462899999974 ], [ -61.246527399999955, 13.1631035 ], [ -61.247214, 13.162911299999987 ], [ -61.248055199999975, 13.162852800000032 ], [ -61.24841569999996, 13.162660600000027 ], [ -61.24858730000004, 13.162217599999966 ], [ -61.248329799999958, 13.161908399999962 ], [ -61.248141, 13.1616577 ], [ -61.247780499999983, 13.1616995 ], [ -61.2475831, 13.161407 ], [ -61.24723980000001, 13.1604458 ], [ -61.246678700000039, 13.160056699999963 ], [ -61.246623700000015, 13.160141599999971 ], [ -61.247162700000025, 13.160522599999965 ], [ -61.247482, 13.161438900000018 ], [ -61.247118, 13.161521199999989 ], [ -61.246939400000024, 13.161599199999959 ], [ -61.246063899999974, 13.1613819 ], [ -61.2457807, 13.160613 ], [ -61.246352100000017, 13.1603265 ], [ -61.24623430000004, 13.160040200000019 ], [ -61.246102599999979, 13.1600904 ], [ -61.24604869999996, 13.160005099999957 ], [ -61.245743799999957, 13.160139599999983 ], [ -61.2457809, 13.16022 ], [ -61.2456702, 13.160262600000035 ], [ -61.2454373, 13.159819 ], [ -61.2452914, 13.1599026 ], [ -61.2454803, 13.1593175 ], [ -61.245952299999978, 13.1593593 ], [ -61.246321399999964, 13.159234 ], [ -61.246596099999955, 13.158674 ], [ -61.246269899999966, 13.1581475 ], [ -61.246896500000027, 13.157061 ], [ -61.246750600000034, 13.15681020000002 ], [ -61.246527399999955, 13.156618 ], [ -61.24623559999997, 13.156517699999977 ], [ -61.246510200000039, 13.156250299999968 ], [ -61.245995199999975, 13.155514800000041 ], [ -61.245823599999987, 13.155556600000036 ], [ -61.245840699999981, 13.15586580000004 ], [ -61.245694799999988, 13.155890899999985 ], [ -61.2454631, 13.155640100000017 ], [ -61.245068300000021, 13.155890899999985 ], [ -61.244381599999954, 13.155890899999985 ], [ -61.243720699999983, 13.156058 ], [ -61.2434976, 13.155790600000035 ], [ -61.243755099999987, 13.1556903 ], [ -61.243034100000017, 13.15574880000004 ], [ -61.2433087, 13.155389399999969 ], [ -61.24279380000003, 13.155556600000036 ], [ -61.242836700000026, 13.15503 ], [ -61.242579200000037, 13.1549464 ], [ -61.242287399999967, 13.15447 ], [ -61.241944, 13.15419420000002 ], [ -61.2414634, 13.15426109999996 ], [ -61.241120100000018, 13.154445 ], [ -61.240776700000026, 13.155013300000025 ], [ -61.240484900000041, 13.154913 ], [ -61.240201699999965, 13.155197199999964 ], [ -61.240227399999959, 13.15574880000004 ], [ -61.23977249999998, 13.155665199999962 ], [ -61.2395408, 13.155447900000013 ], [ -61.2392833, 13.155556600000036 ], [ -61.239043, 13.15603290000001 ], [ -61.238914200000018, 13.156517699999977 ], [ -61.238716800000027, 13.156835299999965 ], [ -61.238287599999957, 13.1570192 ], [ -61.237884199999975, 13.157102699999975 ], [ -61.2374808, 13.156643099999961 ], [ -61.2371976, 13.156768400000026 ], [ -61.236965900000023, 13.1565846 ], [ -61.236716, 13.1566725 ], [ -61.236622500000031, 13.1567016 ], [ -61.236511, 13.157086 ], [ -61.236468, 13.1575206 ], [ -61.235961599999968, 13.157821500000029 ], [ -61.2352235, 13.158022100000018 ], [ -61.234674200000029, 13.1579887 ], [ -61.234416699999954, 13.157629300000025 ], [ -61.234330899999961, 13.157378499999968 ], [ -61.233850199999978, 13.1571278 ], [ -61.233421, 13.157236500000032 ], [ -61.233060600000016, 13.157186299999964 ], [ -61.232974700000014, 13.15687709999996 ], [ -61.232734400000027, 13.156668099999987 ], [ -61.232270900000046, 13.156501 ], [ -61.231876099999972, 13.156918900000043 ], [ -61.231558499999984, 13.156868699999976 ], [ -61.2312324, 13.156726600000031 ], [ -61.230726, 13.1564676 ], [ -61.230468500000036, 13.156300400000028 ], [ -61.230159499999964, 13.156007899999985 ], [ -61.230159499999964, 13.1558407 ], [ -61.230176599999957, 13.155623399999968 ], [ -61.230013599999971, 13.1554563 ], [ -61.229816199999981, 13.155356 ], [ -61.228640300000031, 13.154796 ], [ -61.227627499999983, 13.154328 ], [ -61.227061, 13.154018699999977 ], [ -61.226958, 13.1539686 ], [ -61.226777800000022, 13.153876600000032 ], [ -61.22669190000002, 13.153826499999973 ], [ -61.226443, 13.153667699999978 ], [ -61.2253615, 13.152698199999964 ], [ -61.2251653, 13.152485300000023 ], [ -61.225058, 13.152464399999982 ], [ -61.225025800000012, 13.152412200000015 ], [ -61.2251009, 13.152339 ], [ -61.224618100000029, 13.1511271 ], [ -61.224489400000039, 13.1509704 ], [ -61.224415799999989, 13.150901900000019 ], [ -61.223825199999972, 13.1509263 ], [ -61.22373929999997, 13.150867800000039 ], [ -61.223670699999978, 13.1506087 ], [ -61.223765099999973, 13.150566900000012 ], [ -61.223507599999984, 13.150040299999961 ], [ -61.2234304, 13.15007379999998 ], [ -61.223344499999989, 13.149764499999968 ], [ -61.223945299999961, 13.149421800000034 ], [ -61.223481899999989, 13.1486613 ], [ -61.224554700000027, 13.148026 ], [ -61.22601389999997, 13.147349 ], [ -61.225928, 13.147181899999978 ], [ -61.224477500000035, 13.147825500000028 ], [ -61.224597700000032, 13.147591400000021 ], [ -61.224640600000029, 13.147441 ], [ -61.224537600000033, 13.147198600000028 ], [ -61.224597700000032, 13.14693110000001 ], [ -61.224743600000025, 13.146839199999956 ], [ -61.224949600000016, 13.146722199999957 ], [ -61.2252843, 13.146421300000018 ], [ -61.225473099999988, 13.145953200000012 ], [ -61.2254302, 13.145635600000023 ], [ -61.225601899999987, 13.145418299999985 ], [ -61.225704899999982, 13.14524280000003 ], [ -61.225816399999971, 13.1450589 ], [ -61.225790699999976, 13.144925200000042 ], [ -61.225584699999985, 13.144799799999969 ], [ -61.225464499999987, 13.14446550000002 ], [ -61.2254302, 13.1441228 ], [ -61.225559, 13.14390549999996 ], [ -61.225765, 13.143679800000026 ], [ -61.225790699999976, 13.143554400000042 ], [ -61.22594519999997, 13.143395599999959 ], [ -61.22607389999996, 13.143211800000028 ], [ -61.226408700000036, 13.1432619 ], [ -61.226571800000031, 13.1431867 ], [ -61.226674800000026, 13.143019500000015 ], [ -61.226674800000026, 13.142818900000027 ], [ -61.226846400000014, 13.142735300000037 ], [ -61.2268807, 13.142852300000037 ], [ -61.2272155, 13.1426768 ], [ -61.2274215, 13.142401 ], [ -61.227469300000038, 13.141765 ], [ -61.227473, 13.141715599999955 ], [ -61.227610299999981, 13.141372900000022 ], [ -61.227996499999961, 13.140980100000029 ], [ -61.228365600000039, 13.140838 ], [ -61.228571600000031, 13.1405204 ], [ -61.228691800000028, 13.140294699999984 ], [ -61.22863170000003, 13.1400941 ], [ -61.228811900000018, 13.139676199999968 ], [ -61.228657400000024, 13.139433799999985 ], [ -61.228425700000038, 13.139241599999981 ], [ -61.228030899999965, 13.139099500000036 ], [ -61.2274816, 13.1389156 ], [ -61.2272584, 13.138965699999979 ], [ -61.227061, 13.138848699999979 ], [ -61.2271039, 13.138598 ], [ -61.2270352, 13.138305399999968 ], [ -61.226666200000025, 13.137996199999964 ], [ -61.22658570000003, 13.137876600000016 ], [ -61.226503100000031, 13.137753799999981 ], [ -61.226125399999958, 13.1377036 ], [ -61.225850799999975, 13.13762 ], [ -61.2254388, 13.137829 ], [ -61.2251556, 13.137812300000025 ], [ -61.224941, 13.137678499999968 ], [ -61.224820800000018, 13.137377600000029 ], [ -61.224726400000023, 13.1370349 ], [ -61.224280100000044, 13.13736089999998 ], [ -61.223988299999967, 13.137737 ], [ -61.223850899999967, 13.138071399999969 ], [ -61.223662099999977, 13.138155 ], [ -61.223447499999985, 13.138430800000041 ], [ -61.2232844, 13.1384141 ], [ -61.222984, 13.1384475 ], [ -61.2229325, 13.138581199999962 ], [ -61.222589200000023, 13.1388404 ], [ -61.222237300000039, 13.139241599999981 ], [ -61.221954099999969, 13.139642799999958 ], [ -61.221516299999983, 13.1398601 ], [ -61.2213361, 13.1397849 ], [ -61.220992800000012, 13.139626 ], [ -61.22097560000001, 13.1391914 ], [ -61.220795400000021, 13.139066 ], [ -61.220529300000031, 13.139500700000013 ], [ -61.220134499999958, 13.14003560000004 ], [ -61.219542199999978, 13.140344899999963 ], [ -61.2188298, 13.1405622 ], [ -61.218100299999961, 13.14077950000004 ], [ -61.217490899999987, 13.1407544 ], [ -61.217302, 13.140570499999978 ], [ -61.216769900000017, 13.140595600000012 ], [ -61.216100400000045, 13.140787900000024 ], [ -61.2153108, 13.141072 ], [ -61.2150361, 13.141072 ], [ -61.214478200000023, 13.141222500000012 ], [ -61.213688599999976, 13.141205799999963 ], [ -61.2129762, 13.141155599999983 ], [ -61.212349600000032, 13.140888199999974 ], [ -61.211542799999975, 13.140261299999974 ], [ -61.2113605, 13.140213600000024 ], [ -61.210744600000012, 13.1400523 ], [ -61.210721710193518, 13.140043809029851 ], [ -61.209843399999968, 13.139718 ], [ -61.209242499999988, 13.139199799999986 ], [ -61.2091996, 13.138949 ], [ -61.2095, 13.13873169999998 ], [ -61.209690099999982, 13.137948 ], [ -61.209757499999967, 13.1376702 ], [ -61.209688899999975, 13.1372773 ], [ -61.209740399999973, 13.136892799999973 ], [ -61.2095, 13.1366087 ], [ -61.209688899999975, 13.135998499999964 ], [ -61.20945709999998, 13.136207500000026 ], [ -61.209081499999989, 13.1363198 ], [ -61.208965499999984, 13.136897099999974 ], [ -61.208019699999973, 13.13700310000004 ], [ -61.2070968, 13.1369597 ], [ -61.206298600000032, 13.136692199999985 ], [ -61.205654799999969, 13.136307799999976 ], [ -61.205506599999964, 13.135859700000026 ], [ -61.205494799999961, 13.135824400000036 ], [ -61.205480799999961, 13.1353097 ], [ -61.2051732, 13.135434500000017 ], [ -61.20473010000002, 13.135448400000012 ], [ -61.204729499999971, 13.135257400000018 ], [ -61.204152800000038, 13.135271300000014 ], [ -61.203869500000046, 13.135204399999985 ], [ -61.203509099999977, 13.134786499999958 ], [ -61.203165699999985, 13.134911900000031 ], [ -61.2030113, 13.134947699999973 ], [ -61.2028052, 13.13499550000002 ], [ -61.202335499999954, 13.13476 ], [ -61.20222160000003, 13.134702899999969 ], [ -61.202074600000039, 13.1344595 ], [ -61.20179239999996, 13.133992399999979 ], [ -61.201393299999978, 13.133472 ], [ -61.201286, 13.133332099999969 ], [ -61.2011607, 13.133215900000035 ], [ -61.2007453, 13.132830600000041 ], [ -61.199844099999957, 13.132136800000012 ], [ -61.199432099999974, 13.13166040000003 ], [ -61.199397799999979, 13.131108700000034 ], [ -61.199286199999982, 13.13079950000003 ], [ -61.1988055, 13.1310084 ], [ -61.198307700000022, 13.131376199999963 ], [ -61.197689699999962, 13.1315183 ], [ -61.1971662, 13.131468200000025 ], [ -61.196307900000029, 13.131184 ], [ -61.195767099999955, 13.130874700000035 ], [ -61.195132, 13.13038989999998 ], [ -61.1946084, 13.129888399999963 ], [ -61.194102, 13.129604199999985 ], [ -61.193775899999963, 13.129186200000039 ], [ -61.1929862, 13.128509199999979 ], [ -61.193072, 13.128258400000011 ], [ -61.1927545, 13.128216600000016 ], [ -61.192162200000027, 13.127999299999978 ], [ -61.191561399999962, 13.128032699999988 ], [ -61.191020699999989, 13.1277569 ], [ -61.1909349, 13.127840499999984 ], [ -61.190514300000011, 13.127573 ], [ -61.190274, 13.1277151 ], [ -61.189698899999961, 13.127171799999989 ], [ -61.189587299999964, 13.126778899999987 ], [ -61.189716099999963, 13.126244 ], [ -61.189965, 13.12566720000002 ], [ -61.190256800000022, 13.1253579 ], [ -61.1906516, 13.12510719999996 ], [ -61.191123699999984, 13.125115500000025 ], [ -61.191432699999972, 13.125148900000035 ], [ -61.191698799999962, 13.1253997 ], [ -61.191810300000043, 13.12514059999997 ], [ -61.192042100000037, 13.124781199999987 ], [ -61.1926257, 13.124137500000018 ], [ -61.192866, 13.1242211 ], [ -61.193286599999979, 13.12387 ], [ -61.193741499999959, 13.123652699999962 ], [ -61.193981800000032, 13.123435400000012 ], [ -61.194084800000027, 13.1232013 ], [ -61.193981800000032, 13.123034100000027 ], [ -61.1929948, 13.122716500000038 ], [ -61.19329519999998, 13.122423899999987 ], [ -61.1929004, 13.122566 ], [ -61.192462600000013, 13.122507499999976 ], [ -61.191964800000036, 13.122541 ], [ -61.19161289999996, 13.122524300000034 ], [ -61.191269599999977, 13.122557699999955 ], [ -61.191140899999986, 13.122474099999966 ], [ -61.190943399999988, 13.1225744 ], [ -61.1906173, 13.1232013 ], [ -61.190291100000017, 13.124045599999963 ], [ -61.190068, 13.124196 ], [ -61.189484299999968, 13.124053900000028 ], [ -61.189192499999983, 13.123661100000035 ], [ -61.1887891, 13.123627600000017 ], [ -61.1886518, 13.123502200000033 ], [ -61.1886518, 13.123301599999955 ], [ -61.188265500000021, 13.123142799999961 ], [ -61.187905, 13.123218 ], [ -61.187656099999955, 13.123193 ], [ -61.187081099999986, 13.123460499999958 ], [ -61.186712, 13.123861700000024 ], [ -61.1867978, 13.124095700000023 ], [ -61.1866777, 13.124455200000014 ], [ -61.1867206, 13.12492330000002 ], [ -61.185939500000032, 13.12504030000002 ], [ -61.185527499999964, 13.124823 ], [ -61.185518899999963, 13.124555499999964 ], [ -61.184978199999989, 13.1237196 ], [ -61.1848409, 13.123268200000034 ], [ -61.1848323, 13.1228503 ], [ -61.184497600000014, 13.123301599999955 ], [ -61.184222900000023, 13.123544 ], [ -61.184403100000011, 13.124012100000034 ], [ -61.184403100000011, 13.1243465 ], [ -61.184969599999988, 13.124513699999969 ], [ -61.1848495, 13.125232500000024 ], [ -61.184240100000025, 13.125809299999965 ], [ -61.183647800000045, 13.125742400000025 ], [ -61.183072799999984, 13.125725699999975 ], [ -61.1828626, 13.125848600000019 ], [ -61.1828153, 13.1258762 ], [ -61.1826093, 13.125851099999959 ], [ -61.1827037, 13.1257173 ], [ -61.181965600000034, 13.125424800000037 ], [ -61.181665099999954, 13.1254415 ], [ -61.181339, 13.12510719999996 ], [ -61.181133, 13.124898199999986 ], [ -61.1808498, 13.124405 ], [ -61.180420600000012, 13.124020500000018 ], [ -61.180266100000019, 13.123652699999962 ], [ -61.17994850000003, 13.123368499999984 ], [ -61.179708200000043, 13.122892 ], [ -61.179734, 13.1232431 ], [ -61.180008600000029, 13.123552400000012 ], [ -61.180248900000016, 13.123903500000019 ], [ -61.180094400000023, 13.1243381 ], [ -61.179759700000041, 13.124864699999968 ], [ -61.179296199999968, 13.124898199999986 ], [ -61.179064499999981, 13.125031900000035 ], [ -61.1786954, 13.125566899999981 ], [ -61.17833490000001, 13.1257926 ], [ -61.177631099999957, 13.1258762 ], [ -61.1768243, 13.125592 ], [ -61.176378, 13.1252827 ], [ -61.176034600000023, 13.1248564 ], [ -61.176017500000029, 13.124405 ], [ -61.176000300000027, 13.123936900000029 ], [ -61.17576, 13.123368499999984 ], [ -61.175476799999963, 13.1232013 ], [ -61.175159199999975, 13.123326699999989 ], [ -61.174910299999986, 13.123786500000019 ], [ -61.1745412, 13.1243381 ], [ -61.1744296, 13.124137500000018 ], [ -61.17408630000002, 13.124062300000013 ], [ -61.173828800000031, 13.12387 ], [ -61.173408199999962, 13.123811499999956 ], [ -61.172944699999981, 13.123468800000023 ], [ -61.1725328, 13.123385200000033 ], [ -61.172043500000022, 13.123468800000023 ], [ -61.171931900000025, 13.123251499999984 ], [ -61.17182890000003, 13.122984 ], [ -61.171657300000042, 13.122975599999982 ], [ -61.171511399999957, 13.123151200000034 ], [ -61.171356899999964, 13.123142799999961 ], [ -61.171142299999971, 13.123017399999977 ], [ -61.170301200000011, 13.122775 ], [ -61.170172400000013, 13.1228503 ], [ -61.170112300000014, 13.1231261 ], [ -61.170301200000011, 13.123552400000012 ], [ -61.170181, 13.123778100000035 ], [ -61.170129500000016, 13.1242211 ], [ -61.169923500000024, 13.124588899999974 ], [ -61.169614500000037, 13.124714299999958 ], [ -61.169296899999964, 13.124614 ], [ -61.169073799999978, 13.124296300000012 ], [ -61.168876399999988, 13.123945300000013 ], [ -61.168747599999989, 13.123485499999983 ], [ -61.1683614, 13.123418699999963 ], [ -61.168069600000024, 13.123569099999973 ], [ -61.167975100000021, 13.124129200000041 ], [ -61.168137699999974, 13.124520199999974 ], [ -61.168124500000033, 13.124716200000027 ], [ -61.168084899999954, 13.124973199999975 ], [ -61.167976, 13.124918599999987 ], [ -61.1678342, 13.125002099999968 ], [ -61.167804500000024, 13.1252848 ], [ -61.1678804, 13.125557900000036 ], [ -61.167801200000021, 13.125882299999965 ], [ -61.167639599999973, 13.12612 ], [ -61.167461399999972, 13.126245299999979 ], [ -61.16728, 13.1265955 ], [ -61.1672503, 13.1270838 ], [ -61.1672965, 13.1278612 ], [ -61.1672074, 13.128513299999963 ], [ -61.167012799999981, 13.129573400000012 ], [ -61.166972400000013, 13.129881500000014 ], [ -61.166920499999982, 13.130276899999956 ], [ -61.166722500000027, 13.130733100000043 ], [ -61.1666632, 13.131166799999956 ], [ -61.16629039999998, 13.132162600000015 ], [ -61.165855, 13.1330492 ], [ -61.165601, 13.133515 ], [ -61.1649842, 13.134035399999984 ], [ -61.164555300000039, 13.134221700000033 ], [ -61.1642156, 13.134269900000024 ], [ -61.164113299999968, 13.134215300000037 ], [ -61.164073699999982, 13.1340033 ], [ -61.1639484, 13.133817 ], [ -61.163707599999974, 13.133714199999964 ], [ -61.163377700000034, 13.1335311 ], [ -61.163169899999986, 13.1335343 ], [ -61.1630413, 13.133627399999977 ], [ -61.16278070000002, 13.133759199999957 ], [ -61.162622299999974, 13.133743099999958 ], [ -61.162556400000028, 13.133833 ], [ -61.162610699999988, 13.133975700000018 ], [ -61.162830100000022, 13.13424420000003 ], [ -61.16284, 13.1344402 ], [ -61.162975299999957, 13.134642600000042 ], [ -61.163216099999985, 13.1352882 ], [ -61.163383199999956, 13.135731 ], [ -61.163477, 13.1362437 ], [ -61.163451700000032, 13.136422599999971 ], [ -61.163311599999986, 13.136749099999985 ], [ -61.163224300000046, 13.13702420000001 ], [ -61.163277199999982, 13.137192 ], [ -61.163178399999978, 13.137415599999976 ], [ -61.163022699999971, 13.1376702 ], [ -61.162856900000023, 13.138046300000024 ], [ -61.162498600000042, 13.1387888 ], [ -61.1620645, 13.139348 ], [ -61.161845700000022, 13.139584099999986 ], [ -61.161735399999955, 13.139585500000013 ], [ -61.1618166, 13.139639200000016 ], [ -61.1617596, 13.139671500000023 ], [ -61.161681500000022, 13.139661700000012 ], [ -61.161661908936139, 13.139615621018226 ], [ -61.16163049999998, 13.13963649999997 ], [ -61.16163, 13.1396711 ], [ -61.161442599999972, 13.139831899999972 ], [ -61.161380800000011, 13.139856699999982 ], [ -61.1613623, 13.1398858 ], [ -61.161278099999954, 13.1398891 ], [ -61.1612593, 13.1399106 ], [ -61.161200600000022, 13.139908099999971 ], [ -61.161172099999973, 13.139855399999963 ], [ -61.161035599999963, 13.139788600000031 ], [ -61.16097820000001, 13.139681200000027 ], [ -61.160952899999955, 13.1395425 ], [ -61.160925399999989, 13.139441900000033 ], [ -61.160831200000011, 13.139394899999964 ], [ -61.160721, 13.139495600000036 ], [ -61.160613, 13.13957390000003 ], [ -61.160512, 13.13957390000003 ], [ -61.16045460000003, 13.139504499999973 ], [ -61.160436200000014, 13.1394307 ], [ -61.160360399999959, 13.1394039 ], [ -61.16028690000001, 13.13946870000003 ], [ -61.160298399999981, 13.1395425 ], [ -61.1602341, 13.139515700000011 ], [ -61.1601731, 13.139509 ], [ -61.160156, 13.139578300000039 ], [ -61.160215699999981, 13.139632 ], [ -61.160222600000019, 13.139690199999972 ], [ -61.160266199999981, 13.139873599999959 ], [ -61.160355800000026, 13.140016699999986 ], [ -61.1604017, 13.140081500000019 ], [ -61.1604017, 13.1401822 ], [ -61.1604477, 13.1402649 ], [ -61.160544099999974, 13.140273900000039 ], [ -61.160638300000038, 13.1402873 ], [ -61.160665900000012, 13.140379 ], [ -61.160576299999974, 13.140698800000024 ], [ -61.160243299999955, 13.141302699999986 ], [ -61.159975700000018, 13.141983099999972 ], [ -61.1596416, 13.142743 ], [ -61.159271800000042, 13.143512300000022 ], [ -61.158935700000029, 13.143974299999968 ], [ -61.158698600000044, 13.1441356 ], [ -61.158441299999978, 13.14439680000002 ], [ -61.158147299999989, 13.144689800000016 ], [ -61.1579659, 13.1450856 ], [ -61.1577523, 13.145432299999989 ], [ -61.157644599999962, 13.1455591 ], [ -61.157456, 13.145781099999983 ], [ -61.1570685, 13.146187400000027 ], [ -61.156877199999975, 13.1463879 ], [ -61.156566600000033, 13.146639599999961 ], [ -61.156080300000028, 13.147033599999965 ], [ -61.155724299999974, 13.1471543 ], [ -61.15549930000001, 13.14723930000002 ], [ -61.155297199999985, 13.147241600000033 ], [ -61.154991700000018, 13.1472304 ], [ -61.154837799999989, 13.147132 ], [ -61.154578300000011, 13.1469933 ], [ -61.154316500000022, 13.1469128 ], [ -61.1539847, 13.146956199999956 ], [ -61.153753, 13.146956199999956 ], [ -61.153701500000025, 13.146722199999957 ], [ -61.153495500000034, 13.146538300000017 ], [ -61.153341, 13.1463879 ], [ -61.1525256, 13.145903100000041 ], [ -61.151778900000025, 13.145485200000014 ], [ -61.151566192443923, 13.145270109966852 ], [ -61.151384100000044, 13.145510299999959 ], [ -61.151263899999954, 13.145735899999973 ], [ -61.1505258, 13.146571700000028 ], [ -61.1501653, 13.146304300000018 ], [ -61.1503369, 13.146805800000035 ], [ -61.150019400000012, 13.146906099999985 ], [ -61.149650300000026, 13.1467389 ], [ -61.148689, 13.1476834 ], [ -61.148706199999985, 13.148494100000015 ], [ -61.148690799999954, 13.148556700000043 ], [ -61.1485002, 13.14932989999998 ], [ -61.147959400000012, 13.1500236 ], [ -61.147315700000043, 13.150215900000013 ], [ -61.147058199999961, 13.1499818 ], [ -61.146672, 13.149772900000041 ], [ -61.1461827, 13.150149 ], [ -61.1464746, 13.150775799999977 ], [ -61.146800699999972, 13.1506505 ], [ -61.147006400000031, 13.150848699999969 ], [ -61.1471006, 13.151123699999985 ], [ -61.147059199999958, 13.151562100000021 ], [ -61.146949, 13.151902 ], [ -61.14688809908332, 13.152013802276315 ], [ -61.146762899999956, 13.152324699999969 ], [ -61.146544800000029, 13.15268480000001 ], [ -61.146367899999959, 13.152986700000032 ], [ -61.1460969, 13.153185699999977 ], [ -61.145789200000038, 13.153313199999957 ], [ -61.145633, 13.15349430000002 ], [ -61.145311500000034, 13.153856599999976 ], [ -61.1450244, 13.154201 ], [ -61.144677599999987, 13.154625900000035 ], [ -61.144620200000034, 13.154637099999984 ], [ -61.144464, 13.1545835 ], [ -61.1443836, 13.15460579999997 ], [ -61.144238900000019, 13.1548026 ], [ -61.144174600000028, 13.155001700000042 ], [ -61.1441861, 13.15527669999997 ], [ -61.144264199999981, 13.155587600000025 ], [ -61.144353800000019, 13.156048300000041 ], [ -61.144337700000023, 13.156285300000022 ], [ -61.1442343, 13.15650450000004 ], [ -61.143974800000017, 13.156766200000021 ], [ -61.14385309999998, 13.156918199999986 ], [ -61.143818599999967, 13.157119500000032 ], [ -61.143777300000018, 13.157338699999961 ], [ -61.143816299999955, 13.157450499999975 ], [ -61.143742900000014, 13.157508599999986 ], [ -61.143595900000015, 13.157526499999957 ], [ -61.143572899999981, 13.15748850000001 ], [ -61.143600499999955, 13.157383400000018 ], [ -61.143529300000012, 13.157338699999961 ], [ -61.143405199999961, 13.157367699999963 ], [ -61.143299600000013, 13.157439300000025 ], [ -61.1432789, 13.157508599999986 ], [ -61.143338599999957, 13.157611499999973 ], [ -61.1433455, 13.157703200000011 ], [ -61.1433961, 13.157846300000038 ], [ -61.1435086, 13.157929099999961 ], [ -61.1435936, 13.1579917 ], [ -61.143664800000032, 13.158132600000013 ], [ -61.143701499999963, 13.158244400000026 ], [ -61.1438393, 13.1583204 ], [ -61.143954099999988, 13.1583204 ], [ -61.144050599999979, 13.158345 ], [ -61.144098799999973, 13.1584233 ], [ -61.14411489999997, 13.158875 ], [ -61.144096499999961, 13.159671200000041 ], [ -61.144048299999966, 13.160711100000018 ], [ -61.14403219999997, 13.161062200000025 ], [ -61.14385309999998, 13.1615653 ], [ -61.14368310000004, 13.16248 ], [ -61.143566, 13.163155400000022 ], [ -61.143216900000013, 13.1640074 ], [ -61.143226099999971, 13.164235500000039 ], [ -61.143304200000038, 13.16455979999996 ], [ -61.143402900000034, 13.16477889999997 ], [ -61.143416700000024, 13.165264199999978 ], [ -61.143451200000037, 13.165845600000033 ], [ -61.143370799999957, 13.166630599999969 ], [ -61.143386900000046, 13.1670465 ], [ -61.143470500000035, 13.168845099999967 ], [ -61.143539200000035, 13.171628100000017 ], [ -61.143453300000033, 13.173358 ], [ -61.143084199999954, 13.17542229999998 ], [ -61.142809599999971, 13.175698099999973 ], [ -61.1421229, 13.175639600000018 ], [ -61.14208, 13.175890299999978 ], [ -61.142337499999989, 13.175948800000022 ], [ -61.1423633, 13.177662 ], [ -61.1422088, 13.179442 ], [ -61.141822500000011, 13.1800855 ], [ -61.141436300000031, 13.1802777 ], [ -61.141590800000024, 13.1808627 ], [ -61.141522100000024, 13.181506200000033 ], [ -61.141264600000035, 13.181899 ], [ -61.141565, 13.182233199999967 ], [ -61.141479200000028, 13.182818199999964 ], [ -61.141505, 13.1838879 ], [ -61.141093, 13.185517500000017 ], [ -61.140766799999973, 13.186294700000019 ], [ -61.1404235, 13.186269599999985 ], [ -61.1403892, 13.186478500000039 ], [ -61.140620899999981, 13.186603900000023 ], [ -61.1402948, 13.187255700000041 ], [ -61.139736900000024, 13.187957600000029 ], [ -61.139350600000036, 13.188208299999989 ], [ -61.138835599999965, 13.188191600000028 ], [ -61.1383636, 13.18775709999996 ], [ -61.1379602, 13.187648500000034 ], [ -61.138252, 13.188208299999989 ], [ -61.138252, 13.188626200000016 ], [ -61.1379602, 13.189261299999984 ], [ -61.137908700000011, 13.1898797 ], [ -61.137788500000013, 13.1906151 ], [ -61.137719800000013, 13.192386700000032 ], [ -61.137119, 13.195754299999958 ], [ -61.136569699999981, 13.196790499999985 ], [ -61.135857300000012, 13.197425600000042 ], [ -61.135230700000037, 13.1969409 ], [ -61.134973199999955, 13.197066299999978 ], [ -61.134655699999975, 13.196924200000034 ], [ -61.134956099999961, 13.197567699999986 ], [ -61.135230700000037, 13.197542600000041 ], [ -61.135316600000039, 13.1978769 ], [ -61.135084800000044, 13.198303 ], [ -61.135024700000045, 13.199238899999973 ], [ -61.13468139999997, 13.200241699999989 ], [ -61.1341836, 13.200726400000036 ], [ -61.133428300000027, 13.201060599999977 ], [ -61.133170800000038, 13.201378199999965 ], [ -61.132655799999974, 13.201687299999961 ], [ -61.1322267, 13.201729099999955 ], [ -61.13178030000001, 13.201645599999974 ], [ -61.131823300000015, 13.2020216 ], [ -61.130965, 13.202080100000043 ], [ -61.130922, 13.202481200000012 ], [ -61.131222400000034, 13.202481200000012 ], [ -61.13155070000002, 13.2032658 ], [ -61.131526699999988, 13.2037618 ], [ -61.1313829, 13.204222799999961 ], [ -61.13113660000004, 13.207077 ], [ -61.131047200000012, 13.207607100000025 ], [ -61.130793299999965, 13.2077205 ], [ -61.130609699999965, 13.2077355 ], [ -61.1304598, 13.20785810000001 ], [ -61.1307056, 13.208015599999985 ], [ -61.130465799999961, 13.208149799999987 ], [ -61.130553, 13.208472500000042 ], [ -61.1300637, 13.20939169999998 ], [ -61.1298062, 13.20960890000001 ], [ -61.1300037, 13.210127 ], [ -61.129660300000012, 13.210962600000016 ], [ -61.129145300000033, 13.21133860000004 ], [ -61.128604599999974, 13.211480599999977 ], [ -61.128021, 13.211288499999981 ], [ -61.127523100000019, 13.211480599999977 ], [ -61.127317200000036, 13.212065599999974 ], [ -61.127033900000043, 13.213235400000041 ], [ -61.126561799999969, 13.21425480000001 ], [ -61.12627, 13.2147227 ], [ -61.126561799999969, 13.215641800000018 ], [ -61.126802199999965, 13.217455 ], [ -61.126802199999965, 13.220045300000034 ], [ -61.126287199999986, 13.22092259999997 ], [ -61.126175599999989, 13.221382199999983 ], [ -61.126175599999989, 13.222552 ], [ -61.125961, 13.223822 ], [ -61.124956799999957, 13.224624099999989 ], [ -61.124416099999983, 13.224515499999974 ], [ -61.124613499999974, 13.225075300000018 ], [ -61.125016899999956, 13.226078 ], [ -61.124501899999977, 13.228651399999965 ], [ -61.1239869, 13.2304478 ], [ -61.123514900000025, 13.2318014 ], [ -61.122785299999961, 13.233021200000035 ], [ -61.122184499999989, 13.233455700000015 ], [ -61.1218583, 13.234165899999979 ], [ -61.121454900000018, 13.234458300000014 ], [ -61.120570899999976, 13.234608700000024 ], [ -61.119540900000018, 13.234876 ], [ -61.119077400000037, 13.235293800000044 ], [ -61.11819329999998, 13.236714199999973 ], [ -61.116863, 13.237825399999988 ], [ -61.115318, 13.2390118 ], [ -61.1149872, 13.239763300000014 ], [ -61.114828799999955, 13.240123 ], [ -61.114957500000038, 13.240849900000036 ], [ -61.115472500000017, 13.2426712 ], [ -61.1156699, 13.2434482 ], [ -61.115601300000016, 13.244258599999988 ], [ -61.1158759, 13.244927 ], [ -61.1158158, 13.246096700000017 ], [ -61.116330799999979, 13.248436 ], [ -61.117163400000031, 13.251652499999985 ], [ -61.117427741627729, 13.252741450000023 ], [ -61.117532500000017, 13.253173 ], [ -61.117472400000018, 13.25369939999997 ], [ -61.1178157, 13.255061100000017 ], [ -61.1178157, 13.256080399999977 ], [ -61.1181333, 13.2570662 ], [ -61.118047399999988, 13.2588373 ], [ -61.1180045, 13.260240800000041 ], [ -61.117881799999964, 13.260885900000037 ], [ -61.117644, 13.2609927 ], [ -61.117043200000033, 13.261009400000042 ], [ -61.116699899999965, 13.261134700000017 ], [ -61.116178777501474, 13.261094705947947 ], [ -61.11561840000001, 13.26126 ], [ -61.114931800000043, 13.2616777 ], [ -61.115086300000037, 13.261828100000013 ], [ -61.11542960000002, 13.261828100000013 ], [ -61.116116199999986, 13.262179 ], [ -61.116657, 13.2646017 ], [ -61.117317900000025, 13.269380200000043 ], [ -61.1180045, 13.2724711 ], [ -61.118262, 13.276063200000017 ], [ -61.118219099999983, 13.27781750000004 ], [ -61.1178071, 13.278669500000014 ], [ -61.117034600000032, 13.278987 ], [ -61.116330799999979, 13.2794047 ], [ -61.1159703, 13.279964300000032 ], [ -61.1159017, 13.282553899999979 ], [ -61.11592, 13.282856100000025 ], [ -61.1159875, 13.283974 ], [ -61.116287899999982, 13.2853774 ], [ -61.116348, 13.28669719999996 ], [ -61.116142, 13.288242600000018 ], [ -61.1157245, 13.290914899999969 ], [ -61.115472500000017, 13.292527800000016 ], [ -61.115146400000036, 13.294465700000043 ], [ -61.115257900000024, 13.295676899999982 ], [ -61.1156785, 13.297096899999968 ], [ -61.1156613, 13.298709 ], [ -61.115472500000017, 13.300496499999966 ], [ -61.115472500000017, 13.301298399999968 ], [ -61.1158502, 13.302300700000032 ], [ -61.1159017, 13.303403299999957 ], [ -61.116279299999981, 13.3039211 ], [ -61.116502499999974, 13.30417170000003 ], [ -61.117120500000034, 13.3056752 ], [ -61.117266400000027, 13.307554599999978 ], [ -61.117378, 13.309584200000042 ], [ -61.117378, 13.310787 ], [ -61.1178071, 13.312190200000014 ], [ -61.117747, 13.313276 ], [ -61.1176955, 13.3143284 ], [ -61.117232, 13.314946499999987 ], [ -61.117146200000029, 13.316015599999982 ], [ -61.11735220000002, 13.316282899999983 ], [ -61.117317900000025, 13.317143200000022 ], [ -61.118107499999986, 13.319565299999965 ], [ -61.118124699999989, 13.320375500000033 ], [ -61.118236299999985, 13.321319299999963 ], [ -61.1180818, 13.322171200000017 ], [ -61.1180217, 13.323006400000022 ], [ -61.118407899999973, 13.323866599999963 ], [ -61.118253399999979, 13.324660099999981 ], [ -61.118425099999975, 13.325061 ], [ -61.118665399999962, 13.325679 ], [ -61.118734099999962, 13.326647800000043 ], [ -61.118476599999973, 13.327483 ], [ -61.118416499999974, 13.328602200000013 ], [ -61.118476599999973, 13.3299385 ], [ -61.118991600000044, 13.3316924 ], [ -61.119618100000011, 13.3324858 ], [ -61.1199786, 13.3326779 ], [ -61.120648099999968, 13.333964 ], [ -61.120939900000039, 13.3343816 ], [ -61.121334800000028, 13.33478249999996 ], [ -61.121824, 13.335768 ], [ -61.12251059999997, 13.337137699999964 ], [ -61.122793899999962, 13.3382234 ], [ -61.122570699999969, 13.3383737 ], [ -61.122914, 13.338833 ], [ -61.122999900000046, 13.339292399999987 ], [ -61.123343200000029, 13.340027300000042 ], [ -61.123343200000029, 13.3406537 ], [ -61.123171500000034, 13.340904200000033 ], [ -61.123686500000012, 13.341555600000017 ], [ -61.1239183, 13.3415306 ], [ -61.124948199999956, 13.341948099999986 ], [ -61.126373, 13.342658 ], [ -61.126776399999962, 13.342908499999957 ], [ -61.127420100000023, 13.3438439 ], [ -61.128879299999966, 13.3468754 ], [ -61.129119600000038, 13.347894300000014 ], [ -61.129377100000028, 13.3487711 ], [ -61.129265500000031, 13.349497699999986 ], [ -61.1297547, 13.351669 ], [ -61.130159600000027, 13.351893299999958 ], [ -61.1306208, 13.352285399999982 ], [ -61.130879099999959, 13.352737199999972 ], [ -61.131095, 13.353521600000036 ], [ -61.131651600000019, 13.3543079 ], [ -61.1320207, 13.3553267 ], [ -61.132060199999984, 13.355553400000016 ], [ -61.131963100000036, 13.355765499999979 ], [ -61.131625900000024, 13.356186900000029 ], [ -61.131419900000033, 13.356395599999978 ], [ -61.131162400000044, 13.357414399999985 ], [ -61.130819, 13.357648299999976 ], [ -61.130595899999975, 13.358107599999965 ], [ -61.130767499999962, 13.358750599999965 ], [ -61.131050799999954, 13.358967699999987 ], [ -61.131522900000029, 13.35946879999997 ], [ -61.1319949, 13.359585699999961 ], [ -61.13257, 13.359635800000021 ], [ -61.132999099999957, 13.359861200000019 ], [ -61.13365150000002, 13.36075479999997 ], [ -61.133797400000013, 13.361556400000037 ], [ -61.133711500000011, 13.361882099999985 ], [ -61.133969, 13.362199499999956 ], [ -61.134604199999977, 13.3629343 ], [ -61.134784399999965, 13.364103400000012 ], [ -61.134612799999978, 13.36510549999997 ], [ -61.1341149, 13.365832 ], [ -61.133479800000025, 13.36574849999997 ], [ -61.132879, 13.365531400000037 ], [ -61.1321408, 13.365832 ], [ -61.131505700000027, 13.366082499999983 ], [ -61.131625900000024, 13.3664499 ], [ -61.131625900000024, 13.366700400000038 ], [ -61.13113660000004, 13.3666002 ], [ -61.130965, 13.36708460000003 ], [ -61.131196700000039, 13.367535500000034 ], [ -61.131694500000016, 13.367811100000011 ], [ -61.131608700000022, 13.368437399999962 ], [ -61.131797500000012, 13.368771399999975 ], [ -61.1322524, 13.369038599999968 ], [ -61.1320378, 13.36942270000004 ], [ -61.1320378, 13.369940399999976 ], [ -61.13257, 13.370191 ], [ -61.132655799999974, 13.370692 ], [ -61.13295619999996, 13.37060850000001 ], [ -61.132930499999965, 13.3700072 ], [ -61.133085, 13.369756699999964 ], [ -61.133582800000021, 13.3698987 ], [ -61.1339604, 13.370291199999958 ], [ -61.1340463, 13.370758800000011 ], [ -61.134990399999957, 13.3708757 ], [ -61.135677100000024, 13.370708700000041 ], [ -61.13564270000002, 13.370191 ], [ -61.136089, 13.3698569 ], [ -61.136089, 13.369623100000013 ], [ -61.136964499999962, 13.369255699999989 ], [ -61.137419400000027, 13.369105399999988 ], [ -61.137737, 13.369038599999968 ], [ -61.1382176, 13.369272400000039 ], [ -61.1381318, 13.369873599999956 ], [ -61.137788500000013, 13.370316199999984 ], [ -61.1380717, 13.370717 ], [ -61.138415099999989, 13.370925799999974 ], [ -61.138758399999972, 13.370717 ], [ -61.139136, 13.370383 ], [ -61.139633900000028, 13.3706502 ], [ -61.140063, 13.3705417 ], [ -61.140535099999987, 13.3704582 ], [ -61.140835499999973, 13.370775499999972 ], [ -61.141307599999955, 13.371092800000024 ], [ -61.141522100000024, 13.372069800000038 ], [ -61.141753900000019, 13.372040199999986 ], [ -61.1419919, 13.372086800000023 ], [ -61.142198799999974, 13.372210599999963 ], [ -61.1424406, 13.372375600000026 ], [ -61.142529599999989, 13.372489200000011 ], [ -61.1425105, 13.37266870000003 ], [ -61.142119299999969, 13.372949900000027 ], [ -61.142051500000044, 13.372969 ], [ -61.142112400000016, 13.37327210000004 ], [ -61.1421862, 13.373260699999985 ], [ -61.1421498, 13.373015799999973 ], [ -61.142512900000028, 13.372789399999981 ], [ -61.142605599999968, 13.372941500000042 ], [ -61.142771500000016, 13.373208700000035 ], [ -61.1428744, 13.373452100000012 ], [ -61.1428883, 13.373801 ], [ -61.1427853, 13.373999199999982 ], [ -61.1426575, 13.374082300000019 ], [ -61.142380399999986, 13.374215799999963 ], [ -61.141608, 13.3744663 ], [ -61.140792599999976, 13.3746166 ], [ -61.1402604, 13.374633299999957 ], [ -61.1402776, 13.375368200000011 ], [ -61.1400201, 13.375727199999961 ], [ -61.139350600000036, 13.375702200000024 ], [ -61.13924760000004, 13.376704199999974 ], [ -61.139590900000023, 13.376579 ], [ -61.139762600000019, 13.3764286 ], [ -61.1403205, 13.376662499999988 ], [ -61.1403634, 13.377247 ], [ -61.141153099999961, 13.377647799999977 ], [ -61.141736700000017, 13.378399299999984 ], [ -61.141891200000011, 13.378875200000014 ], [ -61.142509199999985, 13.3785412 ], [ -61.142577799999977, 13.378374200000039 ], [ -61.143178699999957, 13.378332499999964 ], [ -61.14349620000003, 13.377664500000026 ], [ -61.14369360000002, 13.377455699999981 ], [ -61.1444146, 13.377063300000021 ], [ -61.144783699999977, 13.376579 ], [ -61.144998299999969, 13.3762032 ], [ -61.145084099999963, 13.375844100000041 ], [ -61.1460454, 13.375702200000024 ], [ -61.1462686, 13.375927600000022 ], [ -61.146560399999984, 13.375844100000041 ], [ -61.146560399999984, 13.37564369999998 ], [ -61.147015299999964, 13.375618700000043 ], [ -61.147590400000034, 13.3751427 ], [ -61.1483028, 13.374975700000043 ], [ -61.148817699999974, 13.3746584 ], [ -61.149435700000033, 13.3746166 ], [ -61.149882, 13.37459159999997 ], [ -61.150809, 13.374950700000017 ], [ -61.151821800000022, 13.3759777 ], [ -61.1522939, 13.3761614 ], [ -61.152637199999987, 13.376186500000038 ], [ -61.152851799999979, 13.376437 ], [ -61.153383900000037, 13.377247 ], [ -61.15379590000002, 13.377965100000029 ], [ -61.1539847, 13.378549599999985 ], [ -61.153881700000014, 13.378858499999964 ], [ -61.1541221, 13.378983800000029 ], [ -61.153778800000026, 13.379234299999972 ], [ -61.153967600000016, 13.379985799999979 ], [ -61.1540534, 13.379501499999964 ], [ -61.1543538, 13.3793011 ], [ -61.154637099999988, 13.379251 ], [ -61.155014699999967, 13.379501499999964 ], [ -61.155426700000042, 13.38015280000003 ], [ -61.1564567, 13.380921 ], [ -61.157126099999964, 13.3808041 ], [ -61.157332099999955, 13.381029600000012 ], [ -61.157615400000033, 13.3808041 ], [ -61.157915800000019, 13.380637099999955 ], [ -61.158559499999988, 13.380837500000016 ], [ -61.1586454, 13.381472100000032 ], [ -61.15910029999997, 13.380971099999968 ], [ -61.159692500000034, 13.381305099999981 ], [ -61.160164600000016, 13.381405300000011 ], [ -61.1605765, 13.381196599999974 ], [ -61.160765399999988, 13.381388599999962 ], [ -61.160979899999973, 13.381280099999955 ], [ -61.161580800000038, 13.3814471 ], [ -61.162379, 13.381655800000043 ], [ -61.1623479, 13.38184 ], [ -61.162550599999989, 13.381889600000026 ], [ -61.162626399999958, 13.3820954 ], [ -61.162554, 13.3824581 ], [ -61.162644005084992, 13.382546562140714 ], [ -61.162979799999974, 13.382115100000032 ], [ -61.163340299999959, 13.381906299999986 ], [ -61.163614900000034, 13.381806099999956 ], [ -61.163984, 13.381781100000019 ], [ -61.16427, 13.381853100000026 ], [ -61.1645044, 13.3819783 ], [ -61.164842299999982, 13.3819731 ], [ -61.164902399999981, 13.382699599999988 ] ] ] ] } }
]
}
